Source,Target
fidex2020,orodetoscalta
marianvelasco,SanoManjar
raulslot,FincalaTorre
aubocassa,origenonline
GaliciousOnline,Oroliquido
ElaiaZait,Oroliquido
jose64pozo1991,baenaoliva
mariajosefasol,delisierra
Miarteh,AceitesOlivaESP
Miarteh,AceitesOlivaESP
ascardinca,unimedicaccs
SilviaMabelGom4,GastrOleum
TricicloMadrid,FincalaTorre
JavierGoyaChef,FincalaTorre
marbAllStars,SaboraMalaga
lali_amiga,ChileOliva
fincaelsaltillo,SanoManjar
JavierFranco18,SanoManjar
TabernaChapeau,GonzaloBarrio
EduardoEpo,GonzaloBarrio
AgrariasRepro,Matarromera
OiltogetherBot,Balcondelsur
anaescobarayc,FincalaTorre
javimerinocrea,SaboraMalaga
AguaLeonor,SaboraMalaga
evamariacano,AceitesOlivaES
ayc_accion,FincalaTorre
cynthiamlg,Coronadeolivo
OiltogetherBot,9olivos_AE
Growtheventsesp,9olivos_AE
Growtheventsesp,9olivos_AE
Growtheventsesp,9olivos_AE
GastroMag_es,9olivos_AE
AnaAnIzquierdo,Plasenciasabore
TalaveraJosefa,hazalacentenosa
exposito_carmen,AceiteTabernas
exposito_carmen,AceiteTabernas
IsaRoblesMalaga,SaboraMalaga
HaciendaOrtigos,estarseguros
anacarmen2006,JAntParrilla
OiltogetherBot,Balcondelsur
CordobaShops,Coronadeolivo
CordobaShops,ArmoniumE
FincaColchado,SaboraMalaga
maryjogj,AndaluciaSabor
GastroMag_es,9olivos_AE
elsoler88,ClosDeLaVall
FincaLaBarca1,Plasenciasabore
josfradeb,agrnegocios
daviiiiiiii8,Coronadeolivo
LiberioPerez,SaboraMalaga
GaulasAOVE,SomosGlobalcaja
aiiaoc,extendajunta
OroBailen,extendajunta
OiltogetherBot,MacarioRE
jfgesp,SaboraMalaga
OSerrulla,segurosrga
bcjstaff,OleoExt
CastillodCanena,CaminarSin
buensalud,EsenciaDeOlivo
OleoRoyal,Campopineda
loscarmenescor,FincaColchado
spanish_cooking,FincaColchado
OleoExt,Jestepar
Egoleum,Astobizawine
edgardemiguel,9olivos_AE
marianvelasco,JAntParrilla
recetasdenoe,Coronadeolivo
GastroMag_es,9olivos_AE
CIAL_CSIC_UAM,Gacetinmadrid
alvaroareta,MacarioRE
Turismo_Uma,MariemmaVO
Mostafa33468,MielesdelRudron
iOliva_,GastrOleum
G0uchCrazy,BricksForSale
msalazarord,MacarioRE
AguaLeonor,FincaColchado
Miarteh,CladiumSelecto
AS_PONTIS,SierraGataOtono
ElenaViboras,agrnegocios
espadaniques,Javier_Uxo
SenoriosdRelleu,GonzaloBarrio
perquisidor,caldeolive
evamariacano,Honorio_Cordoba
oleosetin,SierraGataOtono
GastrOleum,FiroVazquez
JoseAnParraHe,Olivarama
turismodepriego,Almedinilla_Tur
ColectivoDeoleo,AceitesOlivaESP
TILORAULPEREZ,AceitesOlivaESP
AytoMadridejos,AceitesG_Cruz
Sebasti43780550,casadelaceite
psoedelaguardia,AgriculturAnd
JuanPedro_SR,oleosetin
JuanPedro_SR,AgroExtremadura
margareig,CaminarSin
Gemma_Cervera,maleta_mundi
anbsgt,alfonsoleologo
maizyalmendra,CaminarSin
vinopremium,BodegasMezquita
ameliabertomeu,GranConsumoTv
FiroVazquez,GastrOleum
FiroVazquez,Vanepitina
Desferas_,Honorio_Cordoba
OiltogetherBot,GastrOleum
chicharroandtye,OleoRevista
Anxisal,AceitesOlivaESP
hoyencordoba,innova_scape
caba_del,tendalbaeza
Nooneinspecial6,Gacetinmadrid
segundogom,AceitesOlivaESP
amorenolicia,AceiteDOBaena
manfer1978,AgroExtremadura
OiltogetherBot,9olivos_AE
amaliagaroca,QueridasFashion
TauroJaen,casadelaceite
RojVicky,Gacetinmadrid
AOVESpiritu_Sto,AOVESpiritu_Sto
aceitetorrijos,casadelaceite
OroBailen,casadelaceite
gastrotea,GastrOleum
ArteOliva,Honorio_Cordoba
elisacreams,byjuliaserrano
olorysaborselec,origenonline
JoseMtnezArias,OleoRevista
juliovicenteglz,Gacetinmadrid
CarmenAcedo,Gacetinmadrid
jesusrodrigo65,Gacetinmadrid
magda_sevilla,AgriculturAnd
rodrigodlcj,AceiteMaquiz
rodrigodlcj,AceiteMaquiz
rodrigodlcj,AceiteMaquiz
JesusInma09,AceitesG_Cruz
rabsour,orodeldesierto
Celicidadsinglu,CaminarSin
FiroVazquez,GastrOleum
aceiterajaenera,OroBailen
generaltachin,SoyGourmet
immofux,OleoExt
famalap,CaminarSin
piti10vk,Gacetinmadrid
deliverydis,aceites_banon
almasubbetica,Coronadeolivo
celesgalan64,Gacetinmadrid
MarysaEsteban,Gacetinmadrid
RJBOTANICO,Gacetinmadrid
Cmartin11R,FincaColchado
guillermoesnal,Gacetinmadrid
SaborDeOro,tendalbaeza
taninosarg,FlorSommelier
OiltogetherBot,Olivapalacios
roseheather1,edit_agricola
InCloud_PromExt,WorldOliveOil
vnistalm,OleoExt
lacomercialnar,OleoExt
OleoExt,Jestepar
MartinDuranDav,edit_agricola
CarsTarazaga,tendalbaeza
JoyasWarlock,epcomunicacion
JoyasWarlock,epcomunicacion
OleicolaJaen,ElaiaZait
patriue,GastroUbeda
RaffaelloManfr1,AOVESpiritu_Sto
josemsabalete,GastroUbeda
CortijolaTorre,GastroUbeda
soleromanh,marianvelasco
lramirezmolero,origenonline
carlos232232,Gacetinmadrid
Turismodeubeda,GastroUbeda
Javi_Aceituno,Gacetinmadrid
SuarezRaquel5,juanluisrecio
carmeroso,Gacetinmadrid
OiltogetherBot,manoloprosur
loladealmeria,orodeldesierto
orodeldesierto,loladealmeria
loladealmeria,orodeldesierto
Claudia_Grape,orodeldesierto
Jrrrey,manoloprosur
cc_burgocentro,Coronadeolivo
NinaZucchi,AOVESpiritu_Sto
AceitesLaMaja,dastatu
17ISA17,madridplural
AlfredoVAyala,AgriculturAnd
PSOEJAEN,AgriculturAnd
ecolibor_olga,ElaiaZait
ana00878991,recetasdenoe
MarysaEsteban,madridplural
RJBOTANICO,madridplural
chinobailen,OroBailen
txelu_teluino,RinconDeBaroja
ASAJAJoven,AgriculturAnd
caba_del,HCondestable
mas_sergio,saluspot
MareaCucharon,ElaiaZait
CopeJaen,HCondestable
ispedros,JavierImpelte
lacomercialnar,OleoExt
lacomercialnar,OleoExt
ohdelicatessen,OleoExt
agirregoia,dastatu
ohdelicatessen,OleoExt
ohdelicatessen,OleoExt
lolarubialesr,GastrOleum
pamatarse,JoseMtnezArias
pamatarse,JoseMtnezArias
Emmi_GC,AceitesOlivaES
ohdelicatessen,OleoExt
HCondestable,ElaiaZait
Olivarama,GastrOleum
cristihara,MujerOliva_
maribelton,AgroExtremadura
JPHURTADO,saluspot
FiroVazquez,GastrOleum
ZaidaSemprun,CastillodCanena
Jestepar,OleoExt
maleta_mundi,maleta_mundi
maleta_mundi,maleta_mundi
maleta_mundi,maleta_mundi
maleta_mundi,maleta_mundi
maleta_mundi,maleta_mundi
maleta_mundi,maleta_mundi
maleta_mundi,maleta_mundi
maleta_mundi,maleta_mundi
maleta_mundi,maleta_mundi
maleta_mundi,maleta_mundi
maleta_mundi,maleta_mundi
andaluza34,aovecarrasqueno
CTAEX_CIT,alfonsoleologo
AnaPerezLuna,maleta_mundi
AnaPerezLuna,maleta_mundi
cmartinizkierdo,Nacho_Sandoval
gastrosumiller,RestEnlaParra
felixmartinez44,cmorillor
enfsegovia20,saluspot
israelbetico1,CortijoelPuerto
joaquinmorillo,cmorillor
olivaryaceite,SaborDeOro
Joconlopez,AgriculturAnd
haciendaqueiles,AgriculturAnd
CarmenOrtiz57,JoseMtnezArias
CarmenOrtiz57,JoseMtnezArias
ChemalpezPadill,JoseMtnezArias
duqqueza,aovecarrasqueno
AlbSanroman,Andalucia_Rural
juanmolinamart,AOVESpiritu_Sto
juanmolinamart,AOVESpiritu_Sto
juanmolinamart,AOVESpiritu_Sto
OleicolaJaen,cmorillor
orodeldesierto,AgriculturAnd
TerraOleum,JoseMtnezArias
TerraOleum,JoseMtnezArias
aceitespadilla,ElaiaZait
karalom_com,JavierImpelte
PrakorAgro,valenciafruits
valenciafruits,AgriculturAnd
margareig,iloveaceite
cduerto,MonicaPrats3
JoseMtnezArias,AgriculturAnd
JoseMtnezArias,AgriculturAnd
achajim,JoseMtnezArias
igarciasaura,Andalucia_Rural
HaciendaOrtigos,Gourmet_Jaen
tuccioliva,ElaiaZait
OiltogetherBot,Balcondelsur
CarmenOrtiz57,AgriculturAnd
1973MERCI,priordei
FERIASJAEN,agroisasl
OiltogetherBot,Olivapalacios
OiltogetherBot,Olivapalacios
Luskyortega,AgriculturAnd
AndaluciaSabor,AgriculturAnd
remigiomorillor,OleicolaJaen
ANTONIACUE,AgriculturAnd
javidelatorre71,AgriculturAnd
javidelatorre71,AgriculturAnd
cmorillor,TintaFinaUbeda
JaenJunta,AgriculturAnd
Expoliva_2017,AgriculturAnd
ElaiaZait,cmorillor
JaenJunta,AgriculturAnd
uncear_org,picualia
Olivarero,SomosGlobalcaja
uncear_org,AgriculturAnd
JoseRuizdillo,AgriculturAnd
OiltogetherBot,Olivapalacios
CarmenOrtiz57,AgriculturAnd
ASM_Jaen,OleicolaJaen
aytoloradelrio,CortijoelPuerto
chris_obasa,OroBailen
antoniobeneyto,MonicaPrats3
cmorillor,OleicolaJaen
La_Pontezuela,GastrOleum
P_Vallegarcia,RestEnlaParra
WorldOliveOil,aceitecapricho
WorldOliveOil,oliaesa
WorldOliveOil,AceiteMaquiz
WorldOliveOil,aceitecapricho
OiltogetherBot,Olivapalacios
WorldOliveOil,GastrOleum
EsporadiCom,SomosGlobalcaja
BegoaBernal,AgroExtremadura
beamac93,OleoExt
CasasdeHualdo,GastrOleum
OleoExt,Jestepar
margareig,CastillodCanena
margareig,WorldOliveOil
rosadelachica,AceiteMaquiz
Miguelcharros,RestEnlaParra
albertomarcilla,SomosGlobalcaja
cocinasenlinea,Coronadeolivo
sommelier_olive,WorldOliveOil
berto_vidal,Coronadeolivo
AmparoAndaluz_,OlivaSomm
ejlazar,Anda_Tradition
queridilla,queridilla
Kloutstanding,Jestepar
Asiespalencia,Jestepar
Gastroandalusi,TintaFinaUbeda
montserratgodoy,Olivarama
marianvelasco,picualia
CasimiroFernnd2,Olivarama
CasimiroFernnd2,GastrOleum
Planeta_Gastro,XabierGutierrez
FiroVazquez,Olivarama
Olivarama,Vanepitina
Olivarama,GastrOleum
evatorremocha1,Coronadeolivo
DOVirgenExtra,Nacho_Sandoval
DOVirgenExtra,DOSierraMagina
joaquinmorillo,TintaFinaUbeda
XabierGutierrez,XabierGutierrez
bocaginho7890,ASAJASEVILLA
OleicolaJaen,TintaFinaUbeda
aceiteclaramunt,WorldOliveOil
lou_lourdes,jlcaravaca
Anaortegav1968,PueblosyGentes
grupo_palmetto,Coronadeolivo
asociacioncult5,PueblosyGentes
HilalHnos,ElaiaZait
supermarmito,WorldOliveOil
MDSCAlimentaria,CanCompanyoCat
hubosa1,CMEuropaSL
manoloprosur,WorldOliveOil
evooleum,WorldOliveOil
F_Globalcaja_CU,SomosGlobalcaja
mariela_mvm0675,aceitecapricho
asem_martos,WorldOliveOil
ElaiaZait,WorldOliveOil
mariela_mvm0675,WorldOliveOil
mariela_mvm0675,vero_ferndz
aceitecapricho,WorldOliveOil
jjaviermeana,RestEnlaParra
angelesaljama,Coronadeolivo
ZapatosdetuBoda,Coronadeolivo
OiltogetherBot,CastillodCanena
IakiMolina3,TodCocina
RvstaTodoJaen,WorldOliveOil
perquisidor,WorldOliveOil
vero_ferndz,MartinDuranDav
JDavidOtero,WorldOliveOil
MartinDuranDav,vero_ferndz
SieteAgromarket,SomosGlobalcaja
JesusGarridoO,WorldOliveOil
pacoalamobailen,marianvelasco
Ainhoarteta,CastillodCanena
OleoExt,Jestepar
OiltogetherBot,Al_Margen
9olivos_AE,9olivos_AE
javidelatorre71,WorldOliveOil
TucciMartos,WorldOliveOil
salaalamobailen,marianvelasco
manuelfdezjaen,WorldOliveOil
Bravoleum_HPalo,WorldOliveOil
Coronadeolivo,cc_burgocentro
tahonasalamanca,RestEnlaParra
Tobillos10,torrevequia
picualia,marianvelasco
rrgaioso,WorldOliveOil
OiltogetherBot,evcata
MarcosDhomin,WorldOliveOil
WorldOliveOil,SomosGlobalcaja
jvalentinao,WorldOliveOil
AcozarC,OleicolaJaen
AsocFeriasEsp,WorldOliveOil
AreaFSmlg,OtaloraBio
crisprincesita7,Coronadeolivo
EpicureaGT,WorldOliveOil
WorldOliveOil,evcata
ROCIODELRIO1,Andalucia_Rural
AOVESpiritu_Sto,WorldOliveOil
migueldmdmAOVE,scasanjuan
angelmolina86,torrevequia
tuccioliva,WorldOliveOil
AceiteMelgarejo,WorldOliveOil
Doloreslevymont,Gourmet_Jaen
WorldOliveOil,PrakorAgro
WorldOliveOil,Olivapalacios
recesivo_julian,LlambrionLeon
WorldOliveOil,ElaiaZait
HaciendaOrtigos,mapamagob
BacusTravelTour,ACastrodelRio
OiltogetherBot,Olivapalacios
OiltogetherBot,WorldOliveOil
HortaDObradoiro,WorldOliveOil
69Eduardjb,ENAC_acredita
WorldOliveOil,OleayOle
WorldOliveOil,queridilla
josancru,queridilla
Dgpeinado,Vanepitina
jpereira1957,vero_ferndz
mercacei,WorldOliveOil
lolarubialesr,DOSierraMagina
FiroVazquez,GastrOleum
GabinMultimedia,WorldOliveOil
MaginaSurInfo,DOSierraMagina
FirthFc,AOVEAmargayPica
WorldOliveOil,epcomunicacion
timdekir,OleoExt
JesusInma09,AceitesG_Cruz
vero_ferndz,OleoRevista
WorldOliveOil,OleoRevista
irenegonser,Vanepitina
irenegonser,WorldOliveOil
irenegonser,CordobaShops
RafaelaMarmol,ruralbuytron
rosalecina,buenavida_mas
WorldOliveOil,AceitesVallejo
WorldOliveOil,vero_ferndz
WorldOliveOil,AceitesG_Cruz
OleoRevista,vero_ferndz
cocinasenlinea,bottleandcan
OiltogetherBot,AceitesG_Cruz
dipucordoba,CordobaShops
lacasademarchi,TiendasOnlineE
GastroMag_es,9olivos_AE
IberOleum,OleicolaJaen
AOVEJaen,GastronomiaJaen
angeltardon,segurosrga
lacasademarchi,Coronadeolivo
AnaMR_olive,scasanjuan
RafaRomantuit,SanoManjar
WorldOliveOil,FiroVazquez
IFEexhibition,ClubAceitalia
piluki33,AceitesG_Cruz
MiguelAruizG,OleicolaJaen
maquijar,caldeolive
BeaBurBur,Coronadeolivo
HardwareINFOfr,Coronadeolivo
Grand_Class,PueblosyGentes
OiltogetherBot,manoloprosur
OiltogetherBot,AceitesVallejo
JavierFranco18,SanoManjar
Decoraire,Coronadeolivo
capricciplata,Coronadeolivo
RosaRios73,Andalucia_Rural
capricciplata,Coronadeolivo
Yacolchones,Coronadeolivo
haciendaqueiles,dastatu
supcseguro,Coronadeolivo
FiroVazquez,GastrOleum
Yacolchones,Coronadeolivo
psanchezluengo,Coronadeolivo
evamariacano,SanoManjar
EnologicaSm,S_Molina_
eugeherrerita,AceitesOlivaESP
dipucordoba,ACastrodelRio
ruralbuytron,ACastrodelRio
lesvoltes34sbd,AceitesOlivaES
TheWhiskyKiwi,ACastrodelRio
MMWinesUK,ACastrodelRio
MontillaMoriles,ACastrodelRio
Alvillegasb,Vanepitina
arranzgastrocul,jlcaravaca
Cultura_CdR,ACastrodelRio
HonestHumanity,LlambrionLeon
margareig,GastrOleum
luarnaluna,SenoriosdRelleu
angelesaljama,Coronadeolivo
LaAlqueria_aove,zeytum
Flow_Cooking,SomosGlobalcaja
1001zapatos,Coronadeolivo
karpinsito,ollibucairam
LC_Valdivia,ollibucairam
TPartearroyo,SolanoLuisa
remigiomorillor,OleicolaJaen
a8a10ed8b4bc45a,AceitesOlivaES
FiroVazquez,Vanepitina
ZapatosdetuBoda,Coronadeolivo
montserratgodoy,GastrOleum
sergiocb78,vero_ferndz
lacasademarchi,byjuliaserrano
comiendospain,marianvelasco
Lolacebolla,AceiteMaquiz
LuxurySpainTrav,GastroUbeda
amimaye4,SanoManjar
marcedellisola,losdellisola
supcseguro,Coronadeolivo
TipeSoft,vero_ferndz
Plementos,byjuliaserrano
chary_serrano,Vanepitina
Olivarama,GastrOleum
Olivarama,Vanepitina
GastrOleum,Vanepitina
gabbysweetStyle,byjuliaserrano
chary_serrano,apadrinaTuOlivo
chary_serrano,WorldOliveOil
raolqu,el_tranco
LuciaCuevasM,byjuliaserrano
EsporadiCom,SolanoLuisa
Teresaromeromo1,OleicolaJaen
Amigos_ppBaeza,OleicolaJaen
joaquinmorillo,OleicolaJaen
InformaticoJaen,GastroUbeda
ElaiaZait,GastroUbeda
ClubAceitalia,Olivapalacios
caaecert,agromiron
ecoagroliberal,agromiron
flosdo,GastrOleum
albertomarcilla,SomosGlobalcaja
SieteAgromarket,ElaiaZait
SieteAgromarket,AceitesG_Cruz
jose64pozo1991,baenaoliva
EduardoEpo,SenoriosdRelleu
jose_er_cartero,aceitecapricho
GabinMultimedia,VINA_XETAR
mhartham,apadrinaTuOlivo
citoliva,SenoriosdRelleu
GabinMultimedia,SomosGlobalcaja
GastrOleum,WorldOliveOil
GastrOleum,apadrinaTuOlivo
El_Olivar_es,FiroVazquez
mariajimenezlu2,baenaoliva
FiroVazquez,Vanepitina
FiroVazquez,WorldOliveOil
Turismodeubeda,GastroUbeda
Albondon2011,AceitesOlivaES
mnavascuesa,citoliva
Albondon2011,AceitesOlivaES
FalconGissele,SomosGlobalcaja
OleoExt,Jestepar
AnaBGonzlezPino,SolanoLuisa
citoliva,mnavascuesa
WorldOliveOil,mnavascuesa
GoldGourmet,Nacho_Sandoval
teteguzmangarc1,AceitesOlivaES
GroupeCarsoEs,SolanoLuisa
iserrab,GroupeCarsoEs
mnavascuesa,SenoriosdRelleu
JavierParradol,AceiteMaquiz
caba_del,el_tranco
TobeOnlineC,AceiteMaquiz
AntonioMS1968,AceitesOlivaES
WorldOliveOil,SenoriosdRelleu
ruelolita,Coronadeolivo
asajajaen,AceitesOlivaES
agrofogones,origenonline
SpainInRussia,AceitesOlivaES
Decoraire,bottleandcan
aceiteraabuela,AceitesOlivaES
FiroVazquez,SomosGlobalcaja
tellusmagna,S_Molina_
aoveheredad,Gourmet_Jaen
aoveheredad,AOVESourHot
mavitrapos,byjuliaserrano
aoveheredad,citoliva
aoveheredad,AceitesOlivaES
Badisamor,nellyparra_ES
fidex2020,orodetoscalta
OiltogetherBot,9olivos_AE
OiltogetherBot,GastrOleum
Criscrash1,bottleandcan
Olivarero,SomosGlobalcaja
EsporadiCom,SomosGlobalcaja
WorldOliveOil,GastrOleum
WorldOliveOil,S_Molina_
LydiaECorral,OlideMallorca
WorldOliveOil,citoliva
Nacho_Sandoval,Nacho_Sandoval
SenoriosdRelleu,citoliva
JesusInma09,AceitesG_Cruz
DomingoJRuiz,OleoturismoAnd
gines_mena,WorldOliveOil
gines_mena,info_horeca
OiltogetherBot,AceitesG_Cruz
evmum,byjuliaserrano
RafaRomantuit,SanoManjar
escologico,SanoManjar
PabloGonzalez08,Aceite100Canos
vilar_hernandez,vero_ferndz
FiroVazquez,WorldOliveOil
alexxanderlin,byjuliaserrano
montseibars6,ConAdeAceites
MCIAlbaceteUCLM,SomosGlobalcaja
WorldOliveOil,AOVESourHot
COLOQUIOSTV,SomosGlobalcaja
lacocinadegibe,OleoExt
MartinDuranDav,vero_ferndz
OiltogetherBot,WorldOliveOil
OliSolivellas,OlideMallorca
estelamelcon,AceitesOlivaES
Trucossaludcase,AceitesOlivaES
SolanoLuisa,AOVESourHot
seralgalvez,AceitesOlivaES
CFerney03,ENAC_acredita
AnchaCLM,AceitesG_Cruz
jaenturismo,el_tranco
retailactual,SomosGlobalcaja
retailactual,info_horeca
WorldOliveOil,SomosGlobalcaja
WorldOliveOil,info_horeca
javiersf78,AceitesG_Cruz
fidex2020,orodetoscalta
ferpemi,DOSierraMagina
clubsolavieya,GUADIANA_Wines
VICENTEPELUQUER,OleoExt
JesusInma09,AceitesG_Cruz
WorldOliveOil,AceitesG_Cruz
juanda_arguera,AceitesOlivaES
OiltogetherBot,Olivapalacios
esecarballo,ENAC_acredita
Directo_Olivar,DOSierraMagina
_prysma,ENAC_acredita
ElBuenComerACE,GastronomiaJaen
IsabeldelaVill2,ENAC_acredita
oliaesa,WorldOliveOil
fernandodelaca2,GastronomiaJaen
josegcparty,Coronadeolivo
lacasademarchi,Coronadeolivo
apuntesdemoda,byjuliaserrano
WorldOliveOil,AceitesVallejo
BeaBurBur,Coronadeolivo
OiltogetherBot,Olivapalacios
clubsolavieya,GUADIANA_Wines
OiltogetherBot,SenoriosdRelleu
AldonzaGourmet,ecolibor_olga
WorldOliveOil,VINA_XETAR
WorldOliveOil,PackCompany
WorldOliveOil,SenoriosdRelleu
JOATOES,AlexanderCoctel
WorldOliveOil,Olivapalacios
ortizfonso,Nacho_Sandoval
Olivapalacios,GastrOleum
marcedellisola,losdellisola
mudanzas_portes,Coronadeolivo
vero_ferndz,SolanoLuisa
Decoraire,Coronadeolivo
TomikoSpain,DOSierraMagina
ElaiaZait,SolanoLuisa
lacasademarchi,bottleandcan
DOSierraMagina,Nacho_Sandoval
recetasdenoe,Nacho_Sandoval
recetasdenoe,Coronadeolivo
WorldOliveOil,AceitesG_Cruz
WorldOliveOil,OlideMallorca
enripenalver,Nacho_Sandoval
DegustaJaen,Gourmet_Jaen
Mallorca_Mola,OlideMallorca
KikeDeGea,Mesadedos
KikeDeGea,Nacho_Sandoval
queridilla,Nacho_Sandoval
AntojeriaTapas,bottleandcan
recetasdecarol,bottleandcan
Nacho_Sandoval,Mesadedos
soledadcoope,agrnegocios
saberculinario,Nacho_Sandoval
oceanashop,byjuliaserrano
oleosetin,AgroExtremadura
orodecanava,Nacho_Sandoval
LaHoja_LaFueya,Nacho_Sandoval
Grafimediaweb,Coronadeolivo
sitioparapostre,Nacho_Sandoval
MadridEngancha,Nacho_Sandoval
Saboreandolavid,Nacho_Sandoval
LesFartures,Nacho_Sandoval
weetabix_es,ana_foodie
psanchezluengo,Coronadeolivo
QvExtra,orodeldesierto
DOSierraMagina,agrnegocios
WorldOliveOil,Vanepitina
irismusearts,Coronadeolivo
queridilla,WorldOliveOil
mister_closet,byjuliaserrano
CeremecoSalud,Gourmet_Jaen
supcseguro,bottleandcan
angelesaljama,bottleandcan
ZapatosdetuBoda,bottleandcan
VallaVir,byjuliaserrano
OiltogetherBot,Olivapalacios
joselop44,bottleandcan
Yacolchones,bottleandcan
AndPCz,byjuliaserrano
ElCaballoGoloso,bottleandcan
Pozuelo2015Mary,bottleandcan
AnaPatricia_GC,bottleandcan
recetasdenoe,bottleandcan
Virgini31410456,Olivapalacios
Virgini31410456,Olivapalacios
Virgini31410456,CortijoelPuerto
Virgini31410456,GastrOleum
Virgini31410456,9olivos_AE
Turismodeubeda,GastroUbeda
Ariencilla,byjuliaserrano
chris_aparicio_,SupremoAOVE
palomamobaile,byjuliaserrano
Maricar63859553,buenavida_mas
AnUnusualStyle,byjuliaserrano
Ana_I_Sanchez,CoopsAgroAND
jugoviral,Jestepar
Virgini31410456,ElaiaZait
Andreadiezp,byjuliaserrano
ulparapensar,Jestepar
ZapatosdetuBoda,byjuliaserrano
loscarmenescor,Al_Margen
angelesaljama,byjuliaserrano
Maria_Rocio_L,byjuliaserrano
GourmetCulture,orodeldesierto
buscobanco,Jestepar
OiltogetherBot,orodeldesierto
lacomercialnar,orodeldesierto
lacomercialnar,orodeldesierto
lacomercialnar,Jestepar
lacomercialnar,OleoExt
lacomercialnar,OleoExt
WhynotShopper,byjuliaserrano
OleoExt,Jestepar
saboreamalaga,Remealsurdelsur
jpereira1957,CladiumSelecto
fciasufornells,buenavida_mas
jpereira1957,OleoRevista
CzarinaGalan,AceitesOlivaESP
AsajaMalaga,CoopsAgroAND
soniajuradops,byjuliaserrano
Analupao,AceitesOlivaESP
OiltogetherBot,orodeldesierto
REPORTINQUIETO,oliberica
RafaelMuela,QvExtra
QueridasFashion,byjuliaserrano
claudiabola,AceitesOlivaESP
capricciplata,Coronadeolivo
PersonalizaloDD,AceitesOlivaESP
JesusInma09,AceitesG_Cruz
PalomaTrends,byjuliaserrano
PlanetBoadilla,teleoliva
ElPlanetaDeA1,byjuliaserrano
LifeLoversBcn,byjuliaserrano
StrategiaOnline,byjuliaserrano
illerenadefrut1,GastrOleum
cmartecreativo,byjuliaserrano
molinojabonero,Remealsurdelsur
romy_canadas,byjuliaserrano
mivestidoazul_,byjuliaserrano
Mohammadrawat_9,buenavida_mas
SusanaOlympia,byjuliaserrano
lamodaevita,byjuliaserrano
BeatrizFernnd,byjuliaserrano
Stardivarius_,byjuliaserrano
D43NeRYs,buenavida_mas
diarioas,buenavida_mas
tiny_robin,byjuliaserrano
Ninja2p0,Jestepar
FiroVazquez,GastrOleum
lperezabad,GastrOleum
Antoniad2014D,CatadeOro_
sumillerasesor,OlideMallorca
sumillerasesor,OlideMallorca
sumillerasesor,JaRodado
PilukaEsteban,margareig
ConchiSamper3,byjuliaserrano
flashmodainout,byjuliaserrano
palibeblog,byjuliaserrano
Magda271murcia,baenaoliva
mai_maikshine,byjuliaserrano
lramirezmolero,origenonline
WorldOliveOil,GastrOleum
Forma_Docente,scasanjuan
almazaraespadan,Campopineda
BaenaUniversal,BodegasMezquita
OrganicookBio,Tierrasdetavara
Vivencia_dehesa,MartinDuranDav
9olivos_AE,9olivos_AE
chicharroandtye,Pedhervas
antiqueubeda,AOVESpiritu_Sto
aceiteraabuela,AceitesOlivaES
WorldOliveOil,OleicolaJaen
catalinaborras,OlideMallorca
AgronegociosMxx,JorgeGdeOpazo
CULTURA_ACEITE,QvExtra
Doloreslevymont,Gourmet_Jaen
agrnegocios,JorgeGdeOpazo
lasolana2,QvExtra
lasolana2,QvExtra
SecSabina,SanoManjar
conredsyaloloco,SilvFranconetti
wizzytye1807,picualia
wizzytye1807,Pedhervas
JavierFranco18,SanoManjar
conredsyaloloco,AMIGASTRONOMIKS
TheFoodTeamES,Gourmet_Jaen
jluismateo10,JaRodado
custolopez,QvExtra
Marisakabe1500,losdellisola
MilaMChef3,sitioparapostre
TierrasdeCanena,Jestepar
xelu_burgos,SupremoAOVE
9olivos_AE,9olivos_AE
caba_del,CortijoelPuerto
SanoManjar,CortijoelPuerto
AOVESourHot,CortijoelPuerto
elmonastrell,CortijoelPuerto
mariazafran,sitioparapostre
mariazafran,CortijoelPuerto
agagoaira,TodCocina
OleoRoyal,AceitesOlivaES
DespensaDeLolin,kaslerjaen
UniondeUniones,CoopsAgroAND
PrakorAgro,asajajaen
asajajaen,margareig
teresa_sin,SanoManjar
POPULOBAEZA,tendalbaeza
RevistaAlimenta,JorgeGdeOpazo
CKLcomunica,CoopsAgroAND
Alicun_rest,Pedhervas
ARTUROGOMEZ13,Innoliva
OiltogetherBot,torrevequia
OiltogetherBot,WorldOliveOil
vero_ferndz,OleoRevista
torrevequia,torrevequia
MartinDuranDav,RN_revista
BeaBurBur,recetasdenoe
WorldOliveOil,RN_revista
QvExtra,AceitesLaMaja
JUSTICIAXDAIANA,losdellisola
elmonastrell,sitioparapostre
WorldOliveOil,ElaiaZait
marlunav,escueladeaceite
Oleoturismia,escueladeaceite
AlimentosdeExtr,e_avante
JAntParrilla,Pedhervas
Rh_RealEstate,OleoExt
picualia,Pedhervas
WorldOliveOil,GastrOleum
marianvelasco,Pedhervas
JHONERIVERA,Innoliva
ferrusoeste,caldeolive
ulparapensar,Jestepar
jugoviral,Jestepar
paulagarcia3,losdellisola
marcedellisola,losdellisola
buscobanco,Jestepar
JugoSocial,Jestepar
thewayral,Jestepar
PalaciodeUbeda,Pedhervas
_tuangel_,Jestepar
Asiespalencia,Jestepar
VallaTweets,Jestepar
cholloslowcost,Jestepar
vaderedes,Jestepar
Kloutstanding,Jestepar
fanclubdeivitdj,recetasdenoe
Romygamy1,Plasenciasabore
kalikatas,Plasenciasabore
lacasademarchi,recetasdenoe
barlasteresas,SEVconLengua
Yacolchones,Coronadeolivo
PERREO_BABY,recetasdenoe
Yacolchones,recetasdenoe
Alojam_Delgado,GastroUbeda
machouruguayo22,recetasdenoe
Vanepitina,GastrOleum
DEIVITDEEJAY,recetasdenoe
cocinasenlinea,recetasdenoe
MJMesaOlea,AOVEAmargayPica
veganavarra,AceitesLaMaja
avavimallorca,OlideMallorca
1001zapatos,recetasdenoe
avavimallorca,JaRodado
avavimallorca,OlideMallorca
LeonorGPajaron,9olivos_AE
Growtheventsesp,9olivos_AE
psanchezluengo,recetasdenoe
muozjuvenal,Innoliva
GRUPOVAGUADA,noederecetas
elmotivodeanto,baenaoliva
lramirezmolero,origenonline
enominer,WorldOliveOil
OiltogetherBot,TierrasdeCanena
abs_sumilleres,JaRodado
LydiaEpunto,JaRodado
somurmejo,pagodeespejo
Javiermartin1e,origenonline
jose64pozo1991,BodegasMezquita
enmivestidor,recetasdenoe
OleoturismoAnd,AceiteDOBaena
DjTrujilloLS1,BodegasMezquita
CortijolaTorre,GastroUbeda
BMesaOlea,AOVEAmargayPica
AnaMR_olive,scasanjuan
angelesaljama,recetasdenoe
ZapatosdetuBoda,recetasdenoe
vinopremium,BodegasMezquita
HortaDObradoiro,laALACENARoja
baenaoliva,BodegasMezquita
FranKikePineiro,laALACENARoja
amber_suit,recetasdenoe
supcseguro,recetasdenoe
OiltogetherBot,9olivos_AE
angmape,WorldOliveOil
AOVEAmargayPica,recetasdenoe
pepermed,peperme
Coronadeolivo,Decoraire
OlideMallorca,JaRodado
irismusearts,recetasdenoe
irismusearts,Decoraire
Olivarama,GastrOleum
Olivarama,GastrOleum
Decoraire,recetasdenoe
MJ_SaludBelleza,recetasdenoe
cincuentayque,recetasdenoe
ruelolita,recetasdenoe
jtorresantolin,JaRodado
IUCastrodelRio,jlcaravaca
Stardivarius_,recetasdenoe
PepeluArteSacro,recetasdenoe
noederecetas,recetasdenoe
bottleandcan,recetasdenoe
ElCaballoGoloso,recetasdenoe
AnaPatricia_GC,recetasdenoe
AliciaHita,recetasdenoe
josegcparty,recetasdenoe
recetasdenoe,HoraAmigas
AliciaHita,noederecetas
recetasdenoe,noederecetas
mariajimenezlu2,baenaoliva
FiroVazquez,GastrOleum
FranKikePineiro,WorldOliveOil
FranKikePineiro,WorldOliveOil
HortaDObradoiro,WorldOliveOil
Turismodeubeda,GastroUbeda
CocodriloAstro2,CatadeOro_
JCilpiccione,omedoil
NocheenBlancoGR,AOVEAmargayPica
WorldOliveOil,Olivapalacios
OleumXauen,oleosetin
OiltogetherBot,9olivos_AE
cristina_geland,GelandOficial
sararomeroe,AceitesLaMaja
jose64pozo1991,baenaoliva
GaliciaGastro,DOSierraMagina
GaliciaGastro,DOSierraMagina
sbarriosantelo,Innoliva
LiberioPerez,coacmalaga
AlbertoCapsi,Innoliva
jgjc480,OscarSantceloni
alexcas1414,Innoliva
jtorresantolin,OlideMallorca
jtorresantolin,OlideMallorca
JRFernandez1974,Innoliva
lavv75,Innoliva
Movistar_Team,Innoliva
AceitesVallejo,GLOBEXSAN_ES
Growtheventsesp,9olivos_AE
WorldOliveOil,nellyparra_ES
chocolatesvalor,ana_foodie
sgalanrubio,SentirOliva
WorldOliveOil,Campopineda
WorldOliveOil,martindprado
bcjstaff,OleoExt
JaRodado,OlideMallorca
JaRodado,OlideMallorca
oliaesa,WorldOliveOil
OiltogetherBot,CatadeOro_
BodegasMezquita,aceitedmipueblo
Forma_Docente,scasanjuan
OiltogetherBot,9olivos_AE
juanmolinamart,ElaiaZait
FiroVazquez,GastrOleum
AceitesJabalcuz,OleoRevista
AOVESpiritu_Sto,ElaiaZait
Yacolchones,recetasdenoe
haciendaqueiles,ElaiaZait
kospdegata,yendoporlavida
VillenMontero,AOVESourHot
AS_PONTIS,Plasenciasabore
AS_PONTIS,yendoporlavida
WorldOliveOil,GastrOleum
condedemirasol,SanoManjar
VallaTweets,Jestepar
_tuangel_,Jestepar
JugoSocial,Jestepar
buscobanco,Jestepar
Asiespalencia,Jestepar
thewayral,Jestepar
vaderedes,Jestepar
Kloutstanding,Jestepar
cholloslowcost,Jestepar
SolanoLuisa,GastrOleum
sicasbe,mariazafran
cultumaniac,Oleoturismia
chicharroandtye,picualia
GothusOliveOil,ambassadeluxe_e
RafaTaroke,caldeolive
J_Heich,Silviaamorcito
OiltogetherBot,GastrOleum
Vanepitina,GastrOleum
Vanepitina,GastrOleum
Noti_ambiental,9Oliveres
aoveheredad,SanoManjar
aoveheredad,evooleum
aoveheredad,iloveaceite
aoveheredad,IberOleum
aoveheredad,TiendadelAceite
aoveheredad,IberOleum
aoveheredad,SanoManjar
RafaelJordan63,Aceite1881
AsajaMalaga,Aceite1881
PlenoProvincial,DipuHU
agrofogones,origenonline
SierraGataOtono,oleosetin
101_recetas,SanoManjar
ASAJASEVILLA,Aceite1881
FiroVazquez,GastrOleum
Ragachica,suarezgallego
CoopsAgroSEV,agro_sevilla
teextremadura,oleosetin
saborpeninsular,juanluisrecio
OiltogetherBot,GastrOleum
AlmuGonzalez7,tendalbaeza
AlmuGonzalez7,tendalbaeza
OleoExt,Jestepar
AlmuGonzalez7,tendalbaeza
AlmuGonzalez7,tendalbaeza
AlmuGonzalez7,tendalbaeza
AlmuGonzalez7,tendalbaeza
AlmuGonzalez7,tendalbaeza
AlmuGonzalez7,tendalbaeza
AlmuGonzalez7,tendalbaeza
AlmuGonzalez7,tendalbaeza
isidrocarbonero,omedoil
CarsTarazaga,tendalbaeza
valduezaestate,juanluisrecio
caba_del,GastrOleum
PrakorAgro,valenciafruits
OiltogetherBot,Oleoalmanzora
fmmanolo,AOVE_Malaga
JuliaAlonso,mariazafran
Info_Almendro,huerta_digital
Heliocatmo,huerta_digital
marlunav,Oleoturismia
FincaLaOliveta,Oleoturismia
margareig,omedoil
asr1960,Belencilla_blog
margareig,Al_Margen
OiltogetherBot,CortijoDeLaCruz
asr1960,FincaColchado
asr1960,FincaColchado
CasadeAdri,Josefinagcalero
antocanena,TierrasdeCanena
FincaColchado,Al_Margen
JAntParrilla,picualia
JosGonz77036583,GastroUbeda
himen_aa,recetasdenoe
MARCANDALUCIA,GastroUbeda
fabianmvazquez,blancacorts
AOVEMarket,iloveaceite
montserratgodoy,Olivapalacios
montserratgodoy,WorldOliveOil
jumorpa,CortijoelPuerto
jumorpa,SanoManjar
CortijoelPuerto,mariazafran
CortijoelPuerto,evooleum
AceitunaArahal,FairChanges
javidelatorre71,DOSierraMagina
DegustaJaen,DOSierraMagina
an_jaesc,DOSierraMagina
enmivestidor,recetasdenoe
margareig,DOSierraMagina
txemaaguado,yendoporlavida
MagnasurAOVE,DOSierraMagina
Horajaen,DOSierraMagina
panepanna,DOSierraMagina
AguaLeonor,Belencilla_blog
josegcparty,recetasdenoe
patriue,GastroUbeda
fvhesterford,SanoManjar
josemsabalete,GastroUbeda
Carminaenlacoci,SanoManjar
CortijolaTorre,GastroUbeda
elmonastrell,SanoManjar
gi_sil5536,SanoManjar
mariazafran,SanoManjar
MonicaPrats3,IbizaNET
MonicaPrats3,antoniobeneyto
antoniobeneyto,IbizaNET
Juanluuu,omedoil
RaffaelloManfr1,SanoManjar
RaffaelloManfr1,mariazafran
JesusTrelis,mariazafran
ivandiezoliver,Losabesrest
AnaAnIzquierdo,Plasenciasabore
mariazafran,SanoManjar
mariazafran,evooleum
CasasdeHualdo,elmonastrell
olivareromod,elCreata
laALACENARoja,DOSierraMagina
aldara_rey,recetasdenoe
elmonastrell,SanoManjar
marianvelasco,SanoManjar
AtrapaEditorial,jlcaravaca
CortijoelPuerto,SanoManjar
mariazafran,elmonastrell
caba_del,DOSierraMagina
supermarmito,AOVESpiritu_Sto
margareig,CastillodCanena
GourmetAbulense,elcolmadodesora
SuKimik,Sierra_sos
AnaAnIzquierdo,Plasenciasabore
mariazafran,DOSierraMagina
OLIPAZ2014,omedoil
OiltogetherBot,CortijoDeLaCruz
Tabernagourmet,mariazafran
juancast78,omedoil
DestinoJaen,AOVEJaen
olivareromod,IberOleum
TheSpanishFood,HedoneMx
OleoExt,Jestepar
CaminarSin,origenonline
angelesaljama,Coronadeolivo
PrakorAgro,valenciafruits
VivaStayfree,Jestepar
margareig,GastrOleum
pacospain5,omedoil
JAntParrilla,ElaiaZait
tarachicharro,picualia
montserratgodoy,GastrOleum
andreu_riera,GelandOficial
susurrameunbeso,SoyGourmet
elenatobar,DipuHU
ATUKGin,GENEHTIK_EN
panvital3,tendalbaeza
quinitoderonda,omedoil
LuisMGallego,Lab_Sensorial
JaRodado,ATodoPlato
Ana_Irurita,itziar_inza
ZapatosdetuBoda,Coronadeolivo
Alfonso_S_A,JuananNieto
OiltogetherBot,GastrOleum
exposito_carmen,AceiteTabernas
exposito_carmen,AceiteTabernas
exposito_carmen,AceiteTabernas
saranunez78,AceiteDOBaena
lacasademarchi,recetasdenoe
EzequielRS1974,DipuHU
marimourens,SilvFranconetti
AMIGASTRONOMIKS,SilvFranconetti
alixmaravillas,SilvFranconetti
jtorresantolin,ATodoPlato
lramirezmolero,origenonline
ZapatosdetuBoda,recetasdenoe
psanchezluengo,recetasdenoe
BorregParras,omedoil
angelesaljama,recetasdenoe
AgrariasRepro,Matarromera
BeaBurBur,recetasdenoe
JAntParrilla,picualia
BeaBurBur,Coronadeolivo
amber_suit,recetasdenoe
Source,Target
fidex2020,orodetoscalta
marianvelasco,SanoManjar
raulslot,FincalaTorre
aubocassa,origenonline
GaliciousOnline,Oroliquido
ElaiaZait,Oroliquido
jose64pozo1991,baenaoliva
mariajosefasol,delisierra
Miarteh,AceitesOlivaESP
Miarteh,AceitesOlivaESP
ascardinca,unimedicaccs
SilviaMabelGom4,GastrOleum
TricicloMadrid,FincalaTorre
JavierGoyaChef,FincalaTorre
marbAllStars,SaboraMalaga
lali_amiga,ChileOliva
fincaelsaltillo,SanoManjar
JavierFranco18,SanoManjar
TabernaChapeau,GonzaloBarrio
EduardoEpo,GonzaloBarrio
AgrariasRepro,Matarromera
OiltogetherBot,Balcondelsur
anaescobarayc,FincalaTorre
javimerinocrea,SaboraMalaga
AguaLeonor,SaboraMalaga
evamariacano,AceitesOlivaES
ayc_accion,FincalaTorre
cynthiamlg,Coronadeolivo
OiltogetherBot,9olivos_AE
Growtheventsesp,9olivos_AE
Growtheventsesp,9olivos_AE
Growtheventsesp,9olivos_AE
GastroMag_es,9olivos_AE
AnaAnIzquierdo,Plasenciasabore
TalaveraJosefa,hazalacentenosa
exposito_carmen,AceiteTabernas
exposito_carmen,AceiteTabernas
IsaRoblesMalaga,SaboraMalaga
HaciendaOrtigos,estarseguros
anacarmen2006,JAntParrilla
OiltogetherBot,Balcondelsur
CordobaShops,Coronadeolivo
CordobaShops,ArmoniumE
FincaColchado,SaboraMalaga
maryjogj,AndaluciaSabor
GastroMag_es,9olivos_AE
elsoler88,ClosDeLaVall
FincaLaBarca1,Plasenciasabore
josfradeb,agrnegocios
daviiiiiiii8,Coronadeolivo
LiberioPerez,SaboraMalaga
GaulasAOVE,SomosGlobalcaja
aiiaoc,extendajunta
OroBailen,extendajunta
OiltogetherBot,MacarioRE
jfgesp,SaboraMalaga
OSerrulla,segurosrga
bcjstaff,OleoExt
CastillodCanena,CaminarSin
buensalud,EsenciaDeOlivo
OleoRoyal,Campopineda
loscarmenescor,FincaColchado
spanish_cooking,FincaColchado
OleoExt,Jestepar
Egoleum,Astobizawine
edgardemiguel,9olivos_AE
marianvelasco,JAntParrilla
recetasdenoe,Coronadeolivo
GastroMag_es,9olivos_AE
CIAL_CSIC_UAM,Gacetinmadrid
alvaroareta,MacarioRE
Turismo_Uma,MariemmaVO
Mostafa33468,MielesdelRudron
iOliva_,GastrOleum
G0uchCrazy,BricksForSale
msalazarord,MacarioRE
AguaLeonor,FincaColchado
Miarteh,CladiumSelecto
AS_PONTIS,SierraGataOtono
ElenaViboras,agrnegocios
espadaniques,Javier_Uxo
SenoriosdRelleu,GonzaloBarrio
perquisidor,caldeolive
evamariacano,Honorio_Cordoba
oleosetin,SierraGataOtono
GastrOleum,FiroVazquez
JoseAnParraHe,Olivarama
turismodepriego,Almedinilla_Tur
ColectivoDeoleo,AceitesOlivaESP
TILORAULPEREZ,AceitesOlivaESP
AytoMadridejos,AceitesG_Cruz
Sebasti43780550,casadelaceite
psoedelaguardia,AgriculturAnd
JuanPedro_SR,oleosetin
JuanPedro_SR,AgroExtremadura
margareig,CaminarSin
Gemma_Cervera,maleta_mundi
anbsgt,alfonsoleologo
maizyalmendra,CaminarSin
vinopremium,BodegasMezquita
ameliabertomeu,GranConsumoTv
FiroVazquez,GastrOleum
FiroVazquez,Vanepitina
Desferas_,Honorio_Cordoba
OiltogetherBot,GastrOleum
chicharroandtye,OleoRevista
Anxisal,AceitesOlivaESP
hoyencordoba,innova_scape
caba_del,tendalbaeza
Nooneinspecial6,Gacetinmadrid
segundogom,AceitesOlivaESP
amorenolicia,AceiteDOBaena
manfer1978,AgroExtremadura
OiltogetherBot,9olivos_AE
amaliagaroca,QueridasFashion
TauroJaen,casadelaceite
RojVicky,Gacetinmadrid
AOVESpiritu_Sto,AOVESpiritu_Sto
aceitetorrijos,casadelaceite
OroBailen,casadelaceite
gastrotea,GastrOleum
ArteOliva,Honorio_Cordoba
elisacreams,byjuliaserrano
olorysaborselec,origenonline
JoseMtnezArias,OleoRevista
juliovicenteglz,Gacetinmadrid
CarmenAcedo,Gacetinmadrid
jesusrodrigo65,Gacetinmadrid
magda_sevilla,AgriculturAnd
rodrigodlcj,AceiteMaquiz
rodrigodlcj,AceiteMaquiz
rodrigodlcj,AceiteMaquiz
JesusInma09,AceitesG_Cruz
rabsour,orodeldesierto
Celicidadsinglu,CaminarSin
FiroVazquez,GastrOleum
aceiterajaenera,OroBailen
generaltachin,SoyGourmet
immofux,OleoExt
famalap,CaminarSin
piti10vk,Gacetinmadrid
deliverydis,aceites_banon
almasubbetica,Coronadeolivo
celesgalan64,Gacetinmadrid
MarysaEsteban,Gacetinmadrid
RJBOTANICO,Gacetinmadrid
Cmartin11R,FincaColchado
guillermoesnal,Gacetinmadrid
SaborDeOro,tendalbaeza
taninosarg,FlorSommelier
OiltogetherBot,Olivapalacios
roseheather1,edit_agricola
InCloud_PromExt,WorldOliveOil
vnistalm,OleoExt
lacomercialnar,OleoExt
OleoExt,Jestepar
MartinDuranDav,edit_agricola
CarsTarazaga,tendalbaeza
JoyasWarlock,epcomunicacion
JoyasWarlock,epcomunicacion
OleicolaJaen,ElaiaZait
patriue,GastroUbeda
RaffaelloManfr1,AOVESpiritu_Sto
josemsabalete,GastroUbeda
CortijolaTorre,GastroUbeda
soleromanh,marianvelasco
lramirezmolero,origenonline
carlos232232,Gacetinmadrid
Turismodeubeda,GastroUbeda
Javi_Aceituno,Gacetinmadrid
SuarezRaquel5,juanluisrecio
carmeroso,Gacetinmadrid
OiltogetherBot,manoloprosur
loladealmeria,orodeldesierto
orodeldesierto,loladealmeria
loladealmeria,orodeldesierto
Claudia_Grape,orodeldesierto
Jrrrey,manoloprosur
cc_burgocentro,Coronadeolivo
NinaZucchi,AOVESpiritu_Sto
AceitesLaMaja,dastatu
17ISA17,madridplural
AlfredoVAyala,AgriculturAnd
PSOEJAEN,AgriculturAnd
ecolibor_olga,ElaiaZait
ana00878991,recetasdenoe
MarysaEsteban,madridplural
RJBOTANICO,madridplural
chinobailen,OroBailen
txelu_teluino,RinconDeBaroja
ASAJAJoven,AgriculturAnd
caba_del,HCondestable
mas_sergio,saluspot
MareaCucharon,ElaiaZait
CopeJaen,HCondestable
ispedros,JavierImpelte
lacomercialnar,OleoExt
lacomercialnar,OleoExt
ohdelicatessen,OleoExt
agirregoia,dastatu
ohdelicatessen,OleoExt
ohdelicatessen,OleoExt
lolarubialesr,GastrOleum
pamatarse,JoseMtnezArias
pamatarse,JoseMtnezArias
Emmi_GC,AceitesOlivaES
ohdelicatessen,OleoExt
HCondestable,ElaiaZait
Olivarama,GastrOleum
cristihara,MujerOliva_
maribelton,AgroExtremadura
JPHURTADO,saluspot
FiroVazquez,GastrOleum
ZaidaSemprun,CastillodCanena
Jestepar,OleoExt
maleta_mundi,maleta_mundi
maleta_mundi,maleta_mundi
maleta_mundi,maleta_mundi
maleta_mundi,maleta_mundi
maleta_mundi,maleta_mundi
maleta_mundi,maleta_mundi
maleta_mundi,maleta_mundi
maleta_mundi,maleta_mundi
maleta_mundi,maleta_mundi
maleta_mundi,maleta_mundi
maleta_mundi,maleta_mundi
andaluza34,aovecarrasqueno
CTAEX_CIT,alfonsoleologo
AnaPerezLuna,maleta_mundi
AnaPerezLuna,maleta_mundi
cmartinizkierdo,Nacho_Sandoval
gastrosumiller,RestEnlaParra
felixmartinez44,cmorillor
enfsegovia20,saluspot
israelbetico1,CortijoelPuerto
joaquinmorillo,cmorillor
olivaryaceite,SaborDeOro
Joconlopez,AgriculturAnd
haciendaqueiles,AgriculturAnd
CarmenOrtiz57,JoseMtnezArias
CarmenOrtiz57,JoseMtnezArias
ChemalpezPadill,JoseMtnezArias
duqqueza,aovecarrasqueno
AlbSanroman,Andalucia_Rural
juanmolinamart,AOVESpiritu_Sto
juanmolinamart,AOVESpiritu_Sto
juanmolinamart,AOVESpiritu_Sto
OleicolaJaen,cmorillor
orodeldesierto,AgriculturAnd
TerraOleum,JoseMtnezArias
TerraOleum,JoseMtnezArias
aceitespadilla,ElaiaZait
karalom_com,JavierImpelte
PrakorAgro,valenciafruits
valenciafruits,AgriculturAnd
margareig,iloveaceite
cduerto,MonicaPrats3
JoseMtnezArias,AgriculturAnd
JoseMtnezArias,AgriculturAnd
achajim,JoseMtnezArias
igarciasaura,Andalucia_Rural
HaciendaOrtigos,Gourmet_Jaen
tuccioliva,ElaiaZait
OiltogetherBot,Balcondelsur
CarmenOrtiz57,AgriculturAnd
1973MERCI,priordei
FERIASJAEN,agroisasl
OiltogetherBot,Olivapalacios
OiltogetherBot,Olivapalacios
Luskyortega,AgriculturAnd
AndaluciaSabor,AgriculturAnd
remigiomorillor,OleicolaJaen
ANTONIACUE,AgriculturAnd
javidelatorre71,AgriculturAnd
javidelatorre71,AgriculturAnd
cmorillor,TintaFinaUbeda
JaenJunta,AgriculturAnd
Expoliva_2017,AgriculturAnd
ElaiaZait,cmorillor
JaenJunta,AgriculturAnd
uncear_org,picualia
Olivarero,SomosGlobalcaja
uncear_org,AgriculturAnd
JoseRuizdillo,AgriculturAnd
OiltogetherBot,Olivapalacios
CarmenOrtiz57,AgriculturAnd
ASM_Jaen,OleicolaJaen
aytoloradelrio,CortijoelPuerto
chris_obasa,OroBailen
antoniobeneyto,MonicaPrats3
cmorillor,OleicolaJaen
La_Pontezuela,GastrOleum
P_Vallegarcia,RestEnlaParra
WorldOliveOil,aceitecapricho
WorldOliveOil,oliaesa
WorldOliveOil,AceiteMaquiz
WorldOliveOil,aceitecapricho
OiltogetherBot,Olivapalacios
WorldOliveOil,GastrOleum
EsporadiCom,SomosGlobalcaja
BegoaBernal,AgroExtremadura
beamac93,OleoExt
CasasdeHualdo,GastrOleum
OleoExt,Jestepar
margareig,CastillodCanena
margareig,WorldOliveOil
rosadelachica,AceiteMaquiz
Miguelcharros,RestEnlaParra
albertomarcilla,SomosGlobalcaja
cocinasenlinea,Coronadeolivo
sommelier_olive,WorldOliveOil
berto_vidal,Coronadeolivo
AmparoAndaluz_,OlivaSomm
ejlazar,Anda_Tradition
queridilla,queridilla
Kloutstanding,Jestepar
Asiespalencia,Jestepar
Gastroandalusi,TintaFinaUbeda
montserratgodoy,Olivarama
marianvelasco,picualia
CasimiroFernnd2,Olivarama
CasimiroFernnd2,GastrOleum
Planeta_Gastro,XabierGutierrez
FiroVazquez,Olivarama
Olivarama,Vanepitina
Olivarama,GastrOleum
evatorremocha1,Coronadeolivo
DOVirgenExtra,Nacho_Sandoval
DOVirgenExtra,DOSierraMagina
joaquinmorillo,TintaFinaUbeda
XabierGutierrez,XabierGutierrez
bocaginho7890,ASAJASEVILLA
OleicolaJaen,TintaFinaUbeda
aceiteclaramunt,WorldOliveOil
lou_lourdes,jlcaravaca
Anaortegav1968,PueblosyGentes
grupo_palmetto,Coronadeolivo
asociacioncult5,PueblosyGentes
HilalHnos,ElaiaZait
supermarmito,WorldOliveOil
MDSCAlimentaria,CanCompanyoCat
hubosa1,CMEuropaSL
manoloprosur,WorldOliveOil
evooleum,WorldOliveOil
F_Globalcaja_CU,SomosGlobalcaja
mariela_mvm0675,aceitecapricho
asem_martos,WorldOliveOil
ElaiaZait,WorldOliveOil
mariela_mvm0675,WorldOliveOil
mariela_mvm0675,vero_ferndz
aceitecapricho,WorldOliveOil
jjaviermeana,RestEnlaParra
angelesaljama,Coronadeolivo
ZapatosdetuBoda,Coronadeolivo
OiltogetherBot,CastillodCanena
IakiMolina3,TodCocina
RvstaTodoJaen,WorldOliveOil
perquisidor,WorldOliveOil
vero_ferndz,MartinDuranDav
JDavidOtero,WorldOliveOil
MartinDuranDav,vero_ferndz
SieteAgromarket,SomosGlobalcaja
JesusGarridoO,WorldOliveOil
pacoalamobailen,marianvelasco
Ainhoarteta,CastillodCanena
OleoExt,Jestepar
OiltogetherBot,Al_Margen
9olivos_AE,9olivos_AE
javidelatorre71,WorldOliveOil
TucciMartos,WorldOliveOil
salaalamobailen,marianvelasco
manuelfdezjaen,WorldOliveOil
Bravoleum_HPalo,WorldOliveOil
Coronadeolivo,cc_burgocentro
tahonasalamanca,RestEnlaParra
Tobillos10,torrevequia
picualia,marianvelasco
rrgaioso,WorldOliveOil
OiltogetherBot,evcata
MarcosDhomin,WorldOliveOil
WorldOliveOil,SomosGlobalcaja
jvalentinao,WorldOliveOil
AcozarC,OleicolaJaen
AsocFeriasEsp,WorldOliveOil
AreaFSmlg,OtaloraBio
crisprincesita7,Coronadeolivo
EpicureaGT,WorldOliveOil
WorldOliveOil,evcata
ROCIODELRIO1,Andalucia_Rural
AOVESpiritu_Sto,WorldOliveOil
migueldmdmAOVE,scasanjuan
angelmolina86,torrevequia
tuccioliva,WorldOliveOil
AceiteMelgarejo,WorldOliveOil
Doloreslevymont,Gourmet_Jaen
WorldOliveOil,PrakorAgro
WorldOliveOil,Olivapalacios
recesivo_julian,LlambrionLeon
WorldOliveOil,ElaiaZait
HaciendaOrtigos,mapamagob
BacusTravelTour,ACastrodelRio
OiltogetherBot,Olivapalacios
OiltogetherBot,WorldOliveOil
HortaDObradoiro,WorldOliveOil
69Eduardjb,ENAC_acredita
WorldOliveOil,OleayOle
WorldOliveOil,queridilla
josancru,queridilla
Dgpeinado,Vanepitina
jpereira1957,vero_ferndz
mercacei,WorldOliveOil
lolarubialesr,DOSierraMagina
FiroVazquez,GastrOleum
GabinMultimedia,WorldOliveOil
MaginaSurInfo,DOSierraMagina
FirthFc,AOVEAmargayPica
WorldOliveOil,epcomunicacion
timdekir,OleoExt
JesusInma09,AceitesG_Cruz
vero_ferndz,OleoRevista
WorldOliveOil,OleoRevista
irenegonser,Vanepitina
irenegonser,WorldOliveOil
irenegonser,CordobaShops
RafaelaMarmol,ruralbuytron
rosalecina,buenavida_mas
WorldOliveOil,AceitesVallejo
WorldOliveOil,vero_ferndz
WorldOliveOil,AceitesG_Cruz
OleoRevista,vero_ferndz
cocinasenlinea,bottleandcan
OiltogetherBot,AceitesG_Cruz
dipucordoba,CordobaShops
lacasademarchi,TiendasOnlineE
GastroMag_es,9olivos_AE
IberOleum,OleicolaJaen
AOVEJaen,GastronomiaJaen
angeltardon,segurosrga
lacasademarchi,Coronadeolivo
AnaMR_olive,scasanjuan
RafaRomantuit,SanoManjar
WorldOliveOil,FiroVazquez
IFEexhibition,ClubAceitalia
piluki33,AceitesG_Cruz
MiguelAruizG,OleicolaJaen
maquijar,caldeolive
BeaBurBur,Coronadeolivo
HardwareINFOfr,Coronadeolivo
Grand_Class,PueblosyGentes
OiltogetherBot,manoloprosur
OiltogetherBot,AceitesVallejo
JavierFranco18,SanoManjar
Decoraire,Coronadeolivo
capricciplata,Coronadeolivo
RosaRios73,Andalucia_Rural
capricciplata,Coronadeolivo
Yacolchones,Coronadeolivo
haciendaqueiles,dastatu
supcseguro,Coronadeolivo
FiroVazquez,GastrOleum
Yacolchones,Coronadeolivo
psanchezluengo,Coronadeolivo
evamariacano,SanoManjar
EnologicaSm,S_Molina_
eugeherrerita,AceitesOlivaESP
dipucordoba,ACastrodelRio
ruralbuytron,ACastrodelRio
lesvoltes34sbd,AceitesOlivaES
TheWhiskyKiwi,ACastrodelRio
MMWinesUK,ACastrodelRio
MontillaMoriles,ACastrodelRio
Alvillegasb,Vanepitina
arranzgastrocul,jlcaravaca
Cultura_CdR,ACastrodelRio
HonestHumanity,LlambrionLeon
margareig,GastrOleum
luarnaluna,SenoriosdRelleu
angelesaljama,Coronadeolivo
LaAlqueria_aove,zeytum
Flow_Cooking,SomosGlobalcaja
1001zapatos,Coronadeolivo
karpinsito,ollibucairam
LC_Valdivia,ollibucairam
TPartearroyo,SolanoLuisa
remigiomorillor,OleicolaJaen
a8a10ed8b4bc45a,AceitesOlivaES
FiroVazquez,Vanepitina
ZapatosdetuBoda,Coronadeolivo
montserratgodoy,GastrOleum
sergiocb78,vero_ferndz
lacasademarchi,byjuliaserrano
comiendospain,marianvelasco
Lolacebolla,AceiteMaquiz
LuxurySpainTrav,GastroUbeda
amimaye4,SanoManjar
marcedellisola,losdellisola
supcseguro,Coronadeolivo
TipeSoft,vero_ferndz
Plementos,byjuliaserrano
chary_serrano,Vanepitina
Olivarama,GastrOleum
Olivarama,Vanepitina
GastrOleum,Vanepitina
gabbysweetStyle,byjuliaserrano
chary_serrano,apadrinaTuOlivo
chary_serrano,WorldOliveOil
raolqu,el_tranco
LuciaCuevasM,byjuliaserrano
EsporadiCom,SolanoLuisa
Teresaromeromo1,OleicolaJaen
Amigos_ppBaeza,OleicolaJaen
joaquinmorillo,OleicolaJaen
InformaticoJaen,GastroUbeda
ElaiaZait,GastroUbeda
ClubAceitalia,Olivapalacios
caaecert,agromiron
ecoagroliberal,agromiron
flosdo,GastrOleum
albertomarcilla,SomosGlobalcaja
SieteAgromarket,ElaiaZait
SieteAgromarket,AceitesG_Cruz
jose64pozo1991,baenaoliva
EduardoEpo,SenoriosdRelleu
jose_er_cartero,aceitecapricho
GabinMultimedia,VINA_XETAR
mhartham,apadrinaTuOlivo
citoliva,SenoriosdRelleu
GabinMultimedia,SomosGlobalcaja
GastrOleum,WorldOliveOil
GastrOleum,apadrinaTuOlivo
El_Olivar_es,FiroVazquez
mariajimenezlu2,baenaoliva
FiroVazquez,Vanepitina
FiroVazquez,WorldOliveOil
Turismodeubeda,GastroUbeda
Albondon2011,AceitesOlivaES
mnavascuesa,citoliva
Albondon2011,AceitesOlivaES
FalconGissele,SomosGlobalcaja
OleoExt,Jestepar
AnaBGonzlezPino,SolanoLuisa
citoliva,mnavascuesa
WorldOliveOil,mnavascuesa
GoldGourmet,Nacho_Sandoval
teteguzmangarc1,AceitesOlivaES
GroupeCarsoEs,SolanoLuisa
iserrab,GroupeCarsoEs
mnavascuesa,SenoriosdRelleu
JavierParradol,AceiteMaquiz
caba_del,el_tranco
TobeOnlineC,AceiteMaquiz
AntonioMS1968,AceitesOlivaES
WorldOliveOil,SenoriosdRelleu
ruelolita,Coronadeolivo
asajajaen,AceitesOlivaES
agrofogones,origenonline
SpainInRussia,AceitesOlivaES
Decoraire,bottleandcan
aceiteraabuela,AceitesOlivaES
FiroVazquez,SomosGlobalcaja
tellusmagna,S_Molina_
aoveheredad,Gourmet_Jaen
aoveheredad,AOVESourHot
mavitrapos,byjuliaserrano
aoveheredad,citoliva
aoveheredad,AceitesOlivaES
Badisamor,nellyparra_ES
fidex2020,orodetoscalta
OiltogetherBot,9olivos_AE
OiltogetherBot,GastrOleum
Criscrash1,bottleandcan
Olivarero,SomosGlobalcaja
EsporadiCom,SomosGlobalcaja
WorldOliveOil,GastrOleum
WorldOliveOil,S_Molina_
LydiaECorral,OlideMallorca
WorldOliveOil,citoliva
Nacho_Sandoval,Nacho_Sandoval
SenoriosdRelleu,citoliva
JesusInma09,AceitesG_Cruz
DomingoJRuiz,OleoturismoAnd
gines_mena,WorldOliveOil
gines_mena,info_horeca
OiltogetherBot,AceitesG_Cruz
evmum,byjuliaserrano
RafaRomantuit,SanoManjar
escologico,SanoManjar
PabloGonzalez08,Aceite100Canos
vilar_hernandez,vero_ferndz
FiroVazquez,WorldOliveOil
alexxanderlin,byjuliaserrano
montseibars6,ConAdeAceites
MCIAlbaceteUCLM,SomosGlobalcaja
WorldOliveOil,AOVESourHot
COLOQUIOSTV,SomosGlobalcaja
lacocinadegibe,OleoExt
MartinDuranDav,vero_ferndz
OiltogetherBot,WorldOliveOil
OliSolivellas,OlideMallorca
estelamelcon,AceitesOlivaES
Trucossaludcase,AceitesOlivaES
SolanoLuisa,AOVESourHot
seralgalvez,AceitesOlivaES
CFerney03,ENAC_acredita
AnchaCLM,AceitesG_Cruz
jaenturismo,el_tranco
retailactual,SomosGlobalcaja
retailactual,info_horeca
WorldOliveOil,SomosGlobalcaja
WorldOliveOil,info_horeca
javiersf78,AceitesG_Cruz
fidex2020,orodetoscalta
ferpemi,DOSierraMagina
clubsolavieya,GUADIANA_Wines
VICENTEPELUQUER,OleoExt
JesusInma09,AceitesG_Cruz
WorldOliveOil,AceitesG_Cruz
juanda_arguera,AceitesOlivaES
esecarballo,ENAC_acredita
Directo_Olivar,DOSierraMagina
_prysma,ENAC_acredita
ElBuenComerACE,GastronomiaJaen
IsabeldelaVill2,ENAC_acredita
oliaesa,WorldOliveOil
fernandodelaca2,GastronomiaJaen
josegcparty,Coronadeolivo
lacasademarchi,Coronadeolivo
apuntesdemoda,byjuliaserrano
WorldOliveOil,AceitesVallejo
BeaBurBur,Coronadeolivo
OiltogetherBot,Olivapalacios
clubsolavieya,GUADIANA_Wines
OiltogetherBot,SenoriosdRelleu
AldonzaGourmet,ecolibor_olga
WorldOliveOil,VINA_XETAR
WorldOliveOil,PackCompany
WorldOliveOil,SenoriosdRelleu
JOATOES,AlexanderCoctel
WorldOliveOil,Olivapalacios
ortizfonso,Nacho_Sandoval
Olivapalacios,GastrOleum
marcedellisola,losdellisola
mudanzas_portes,Coronadeolivo
vero_ferndz,SolanoLuisa
Decoraire,Coronadeolivo
TomikoSpain,DOSierraMagina
ElaiaZait,SolanoLuisa
lacasademarchi,bottleandcan
DOSierraMagina,Nacho_Sandoval
recetasdenoe,Nacho_Sandoval
recetasdenoe,Coronadeolivo
WorldOliveOil,AceitesG_Cruz
WorldOliveOil,OlideMallorca
enripenalver,Nacho_Sandoval
DegustaJaen,Gourmet_Jaen
Mallorca_Mola,OlideMallorca
KikeDeGea,Mesadedos
KikeDeGea,Nacho_Sandoval
queridilla,Nacho_Sandoval
AntojeriaTapas,bottleandcan
recetasdecarol,bottleandcan
Nacho_Sandoval,Mesadedos
soledadcoope,agrnegocios
saberculinario,Nacho_Sandoval
oceanashop,byjuliaserrano
oleosetin,AgroExtremadura
orodecanava,Nacho_Sandoval
LaHoja_LaFueya,Nacho_Sandoval
Grafimediaweb,Coronadeolivo
sitioparapostre,Nacho_Sandoval
MadridEngancha,Nacho_Sandoval
Saboreandolavid,Nacho_Sandoval
LesFartures,Nacho_Sandoval
weetabix_es,ana_foodie
psanchezluengo,Coronadeolivo
QvExtra,orodeldesierto
DOSierraMagina,agrnegocios
WorldOliveOil,Vanepitina
irismusearts,Coronadeolivo
queridilla,WorldOliveOil
mister_closet,byjuliaserrano
CeremecoSalud,Gourmet_Jaen
supcseguro,bottleandcan
angelesaljama,bottleandcan
ZapatosdetuBoda,bottleandcan
VallaVir,byjuliaserrano
OiltogetherBot,Olivapalacios
joselop44,bottleandcan
Yacolchones,bottleandcan
AndPCz,byjuliaserrano
ElCaballoGoloso,bottleandcan
Pozuelo2015Mary,bottleandcan
AnaPatricia_GC,bottleandcan
recetasdenoe,bottleandcan
Virgini31410456,Olivapalacios
Virgini31410456,Olivapalacios
Virgini31410456,CortijoelPuerto
Virgini31410456,GastrOleum
Virgini31410456,9olivos_AE
Turismodeubeda,GastroUbeda
Ariencilla,byjuliaserrano
chris_aparicio_,SupremoAOVE
palomamobaile,byjuliaserrano
Maricar63859553,buenavida_mas
AnUnusualStyle,byjuliaserrano
Ana_I_Sanchez,CoopsAgroAND
jugoviral,Jestepar
Virgini31410456,ElaiaZait
Andreadiezp,byjuliaserrano
ulparapensar,Jestepar
ZapatosdetuBoda,byjuliaserrano
loscarmenescor,Al_Margen
angelesaljama,byjuliaserrano
Maria_Rocio_L,byjuliaserrano
GourmetCulture,orodeldesierto
buscobanco,Jestepar
OiltogetherBot,orodeldesierto
lacomercialnar,orodeldesierto
lacomercialnar,orodeldesierto
lacomercialnar,Jestepar
lacomercialnar,OleoExt
lacomercialnar,OleoExt
WhynotShopper,byjuliaserrano
OleoExt,Jestepar
saboreamalaga,Remealsurdelsur
jpereira1957,CladiumSelecto
fciasufornells,buenavida_mas
jpereira1957,OleoRevista
CzarinaGalan,AceitesOlivaESP
AsajaMalaga,CoopsAgroAND
soniajuradops,byjuliaserrano
Analupao,AceitesOlivaESP
OiltogetherBot,orodeldesierto
REPORTINQUIETO,oliberica
RafaelMuela,QvExtra
QueridasFashion,byjuliaserrano
claudiabola,AceitesOlivaESP
capricciplata,Coronadeolivo
PersonalizaloDD,AceitesOlivaESP
JesusInma09,AceitesG_Cruz
PalomaTrends,byjuliaserrano
PlanetBoadilla,teleoliva
ElPlanetaDeA1,byjuliaserrano
LifeLoversBcn,byjuliaserrano
StrategiaOnline,byjuliaserrano
illerenadefrut1,GastrOleum
cmartecreativo,byjuliaserrano
molinojabonero,Remealsurdelsur
romy_canadas,byjuliaserrano
mivestidoazul_,byjuliaserrano
Mohammadrawat_9,buenavida_mas
SusanaOlympia,byjuliaserrano
lamodaevita,byjuliaserrano
BeatrizFernnd,byjuliaserrano
Stardivarius_,byjuliaserrano
D43NeRYs,buenavida_mas
diarioas,buenavida_mas
tiny_robin,byjuliaserrano
Ninja2p0,Jestepar
FiroVazquez,GastrOleum
lperezabad,GastrOleum
Antoniad2014D,CatadeOro_
sumillerasesor,OlideMallorca
sumillerasesor,OlideMallorca
sumillerasesor,JaRodado
PilukaEsteban,margareig
ConchiSamper3,byjuliaserrano
flashmodainout,byjuliaserrano
palibeblog,byjuliaserrano
Magda271murcia,baenaoliva
mai_maikshine,byjuliaserrano
lramirezmolero,origenonline
WorldOliveOil,GastrOleum
Forma_Docente,scasanjuan
almazaraespadan,Campopineda
BaenaUniversal,BodegasMezquita
OrganicookBio,Tierrasdetavara
Vivencia_dehesa,MartinDuranDav
9olivos_AE,9olivos_AE
chicharroandtye,Pedhervas
antiqueubeda,AOVESpiritu_Sto
aceiteraabuela,AceitesOlivaES
WorldOliveOil,OleicolaJaen
catalinaborras,OlideMallorca
AgronegociosMxx,JorgeGdeOpazo
CULTURA_ACEITE,QvExtra
Doloreslevymont,Gourmet_Jaen
agrnegocios,JorgeGdeOpazo
lasolana2,QvExtra
lasolana2,QvExtra
SecSabina,SanoManjar
conredsyaloloco,SilvFranconetti
wizzytye1807,picualia
wizzytye1807,Pedhervas
JavierFranco18,SanoManjar
conredsyaloloco,AMIGASTRONOMIKS
TheFoodTeamES,Gourmet_Jaen
jluismateo10,JaRodado
custolopez,QvExtra
Marisakabe1500,losdellisola
MilaMChef3,sitioparapostre
TierrasdeCanena,Jestepar
xelu_burgos,SupremoAOVE
9olivos_AE,9olivos_AE
caba_del,CortijoelPuerto
SanoManjar,CortijoelPuerto
AOVESourHot,CortijoelPuerto
elmonastrell,CortijoelPuerto
mariazafran,sitioparapostre
mariazafran,CortijoelPuerto
agagoaira,TodCocina
OleoRoyal,AceitesOlivaES
DespensaDeLolin,kaslerjaen
UniondeUniones,CoopsAgroAND
PrakorAgro,asajajaen
asajajaen,margareig
teresa_sin,SanoManjar
POPULOBAEZA,tendalbaeza
RevistaAlimenta,JorgeGdeOpazo
CKLcomunica,CoopsAgroAND
Alicun_rest,Pedhervas
ARTUROGOMEZ13,Innoliva
OiltogetherBot,torrevequia
OiltogetherBot,WorldOliveOil
vero_ferndz,OleoRevista
torrevequia,torrevequia
MartinDuranDav,RN_revista
BeaBurBur,recetasdenoe
WorldOliveOil,RN_revista
QvExtra,AceitesLaMaja
JUSTICIAXDAIANA,losdellisola
elmonastrell,sitioparapostre
WorldOliveOil,ElaiaZait
marlunav,escueladeaceite
Oleoturismia,escueladeaceite
AlimentosdeExtr,e_avante
JAntParrilla,Pedhervas
Rh_RealEstate,OleoExt
picualia,Pedhervas
WorldOliveOil,GastrOleum
marianvelasco,Pedhervas
JHONERIVERA,Innoliva
ferrusoeste,caldeolive
ulparapensar,Jestepar
jugoviral,Jestepar
paulagarcia3,losdellisola
marcedellisola,losdellisola
buscobanco,Jestepar
JugoSocial,Jestepar
thewayral,Jestepar
PalaciodeUbeda,Pedhervas
_tuangel_,Jestepar
Asiespalencia,Jestepar
VallaTweets,Jestepar
cholloslowcost,Jestepar
vaderedes,Jestepar
Kloutstanding,Jestepar
fanclubdeivitdj,recetasdenoe
Romygamy1,Plasenciasabore
kalikatas,Plasenciasabore
lacasademarchi,recetasdenoe
barlasteresas,SEVconLengua
Yacolchones,Coronadeolivo
PERREO_BABY,recetasdenoe
Yacolchones,recetasdenoe
Alojam_Delgado,GastroUbeda
machouruguayo22,recetasdenoe
Vanepitina,GastrOleum
DEIVITDEEJAY,recetasdenoe
cocinasenlinea,recetasdenoe
MJMesaOlea,AOVEAmargayPica
veganavarra,AceitesLaMaja
avavimallorca,OlideMallorca
1001zapatos,recetasdenoe
avavimallorca,JaRodado
avavimallorca,OlideMallorca
LeonorGPajaron,9olivos_AE
Growtheventsesp,9olivos_AE
psanchezluengo,recetasdenoe
muozjuvenal,Innoliva
GRUPOVAGUADA,noederecetas
elmotivodeanto,baenaoliva
lramirezmolero,origenonline
enominer,WorldOliveOil
OiltogetherBot,TierrasdeCanena
abs_sumilleres,JaRodado
LydiaEpunto,JaRodado
somurmejo,pagodeespejo
Javiermartin1e,origenonline
jose64pozo1991,BodegasMezquita
enmivestidor,recetasdenoe
OleoturismoAnd,AceiteDOBaena
DjTrujilloLS1,BodegasMezquita
CortijolaTorre,GastroUbeda
BMesaOlea,AOVEAmargayPica
AnaMR_olive,scasanjuan
angelesaljama,recetasdenoe
ZapatosdetuBoda,recetasdenoe
vinopremium,BodegasMezquita
HortaDObradoiro,laALACENARoja
baenaoliva,BodegasMezquita
FranKikePineiro,laALACENARoja
amber_suit,recetasdenoe
supcseguro,recetasdenoe
OiltogetherBot,9olivos_AE
angmape,WorldOliveOil
AOVEAmargayPica,recetasdenoe
pepermed,peperme
Coronadeolivo,Decoraire
OlideMallorca,JaRodado
irismusearts,recetasdenoe
irismusearts,Decoraire
Olivarama,GastrOleum
Olivarama,GastrOleum
Decoraire,recetasdenoe
MJ_SaludBelleza,recetasdenoe
cincuentayque,recetasdenoe
ruelolita,recetasdenoe
jtorresantolin,JaRodado
IUCastrodelRio,jlcaravaca
Stardivarius_,recetasdenoe
PepeluArteSacro,recetasdenoe
noederecetas,recetasdenoe
bottleandcan,recetasdenoe
ElCaballoGoloso,recetasdenoe
AnaPatricia_GC,recetasdenoe
AliciaHita,recetasdenoe
josegcparty,recetasdenoe
recetasdenoe,HoraAmigas
AliciaHita,noederecetas
recetasdenoe,noederecetas
mariajimenezlu2,baenaoliva
FiroVazquez,GastrOleum
FranKikePineiro,WorldOliveOil
FranKikePineiro,WorldOliveOil
HortaDObradoiro,WorldOliveOil
Turismodeubeda,GastroUbeda
CocodriloAstro2,CatadeOro_
JCilpiccione,omedoil
NocheenBlancoGR,AOVEAmargayPica
WorldOliveOil,Olivapalacios
OleumXauen,oleosetin
OiltogetherBot,9olivos_AE
cristina_geland,GelandOficial
sararomeroe,AceitesLaMaja
jose64pozo1991,baenaoliva
GaliciaGastro,DOSierraMagina
GaliciaGastro,DOSierraMagina
sbarriosantelo,Innoliva
LiberioPerez,coacmalaga
AlbertoCapsi,Innoliva
jgjc480,OscarSantceloni
alexcas1414,Innoliva
jtorresantolin,OlideMallorca
jtorresantolin,OlideMallorca
JRFernandez1974,Innoliva
lavv75,Innoliva
Movistar_Team,Innoliva
AceitesVallejo,GLOBEXSAN_ES
Growtheventsesp,9olivos_AE
WorldOliveOil,nellyparra_ES
chocolatesvalor,ana_foodie
sgalanrubio,SentirOliva
WorldOliveOil,Campopineda
WorldOliveOil,martindprado
bcjstaff,OleoExt
JaRodado,OlideMallorca
JaRodado,OlideMallorca
oliaesa,WorldOliveOil
OiltogetherBot,CatadeOro_
BodegasMezquita,aceitedmipueblo
Forma_Docente,scasanjuan
OiltogetherBot,9olivos_AE
juanmolinamart,ElaiaZait
FiroVazquez,GastrOleum
AceitesJabalcuz,OleoRevista
AOVESpiritu_Sto,ElaiaZait
Yacolchones,recetasdenoe
haciendaqueiles,ElaiaZait
kospdegata,yendoporlavida
VillenMontero,AOVESourHot
AS_PONTIS,Plasenciasabore
AS_PONTIS,yendoporlavida
WorldOliveOil,GastrOleum
condedemirasol,SanoManjar
VallaTweets,Jestepar
_tuangel_,Jestepar
JugoSocial,Jestepar
buscobanco,Jestepar
Asiespalencia,Jestepar
thewayral,Jestepar
vaderedes,Jestepar
Kloutstanding,Jestepar
cholloslowcost,Jestepar
SolanoLuisa,GastrOleum
sicasbe,mariazafran
cultumaniac,Oleoturismia
chicharroandtye,picualia
GothusOliveOil,ambassadeluxe_e
RafaTaroke,caldeolive
J_Heich,Silviaamorcito
OiltogetherBot,GastrOleum
Vanepitina,GastrOleum
Vanepitina,GastrOleum
Noti_ambiental,9Oliveres
aoveheredad,SanoManjar
aoveheredad,evooleum
aoveheredad,iloveaceite
aoveheredad,IberOleum
aoveheredad,TiendadelAceite
aoveheredad,IberOleum
aoveheredad,SanoManjar
RafaelJordan63,Aceite1881
AsajaMalaga,Aceite1881
PlenoProvincial,DipuHU
agrofogones,origenonline
SierraGataOtono,oleosetin
101_recetas,SanoManjar
ASAJASEVILLA,Aceite1881
FiroVazquez,GastrOleum
Ragachica,suarezgallego
CoopsAgroSEV,agro_sevilla
teextremadura,oleosetin
saborpeninsular,juanluisrecio
OiltogetherBot,GastrOleum
AlmuGonzalez7,tendalbaeza
AlmuGonzalez7,tendalbaeza
OleoExt,Jestepar
AlmuGonzalez7,tendalbaeza
AlmuGonzalez7,tendalbaeza
AlmuGonzalez7,tendalbaeza
AlmuGonzalez7,tendalbaeza
AlmuGonzalez7,tendalbaeza
AlmuGonzalez7,tendalbaeza
AlmuGonzalez7,tendalbaeza
AlmuGonzalez7,tendalbaeza
isidrocarbonero,omedoil
CarsTarazaga,tendalbaeza
valduezaestate,juanluisrecio
caba_del,GastrOleum
PrakorAgro,valenciafruits
OiltogetherBot,Oleoalmanzora
fmmanolo,AOVE_Malaga
JuliaAlonso,mariazafran
Info_Almendro,huerta_digital
Heliocatmo,huerta_digital
marlunav,Oleoturismia
FincaLaOliveta,Oleoturismia
margareig,omedoil
asr1960,Belencilla_blog
margareig,Al_Margen
OiltogetherBot,CortijoDeLaCruz
asr1960,FincaColchado
asr1960,FincaColchado
CasadeAdri,Josefinagcalero
antocanena,TierrasdeCanena
FincaColchado,Al_Margen
JAntParrilla,picualia
JosGonz77036583,GastroUbeda
himen_aa,recetasdenoe
MARCANDALUCIA,GastroUbeda
fabianmvazquez,blancacorts
AOVEMarket,iloveaceite
montserratgodoy,Olivapalacios
montserratgodoy,WorldOliveOil
jumorpa,CortijoelPuerto
jumorpa,SanoManjar
CortijoelPuerto,mariazafran
CortijoelPuerto,evooleum
AceitunaArahal,FairChanges
javidelatorre71,DOSierraMagina
DegustaJaen,DOSierraMagina
an_jaesc,DOSierraMagina
enmivestidor,recetasdenoe
margareig,DOSierraMagina
txemaaguado,yendoporlavida
MagnasurAOVE,DOSierraMagina
Horajaen,DOSierraMagina
panepanna,DOSierraMagina
AguaLeonor,Belencilla_blog
josegcparty,recetasdenoe
patriue,GastroUbeda
fvhesterford,SanoManjar
josemsabalete,GastroUbeda
Carminaenlacoci,SanoManjar
CortijolaTorre,GastroUbeda
elmonastrell,SanoManjar
gi_sil5536,SanoManjar
mariazafran,SanoManjar
MonicaPrats3,IbizaNET
MonicaPrats3,antoniobeneyto
antoniobeneyto,IbizaNET
Juanluuu,omedoil
RaffaelloManfr1,SanoManjar
RaffaelloManfr1,mariazafran
JesusTrelis,mariazafran
ivandiezoliver,Losabesrest
AnaAnIzquierdo,Plasenciasabore
mariazafran,SanoManjar
mariazafran,evooleum
CasasdeHualdo,elmonastrell
olivareromod,elCreata
laALACENARoja,DOSierraMagina
aldara_rey,recetasdenoe
elmonastrell,SanoManjar
marianvelasco,SanoManjar
AtrapaEditorial,jlcaravaca
CortijoelPuerto,SanoManjar
mariazafran,elmonastrell
caba_del,DOSierraMagina
supermarmito,AOVESpiritu_Sto
margareig,CastillodCanena
GourmetAbulense,elcolmadodesora
SuKimik,Sierra_sos
AnaAnIzquierdo,Plasenciasabore
mariazafran,DOSierraMagina
OLIPAZ2014,omedoil
OiltogetherBot,CortijoDeLaCruz
Tabernagourmet,mariazafran
juancast78,omedoil
DestinoJaen,AOVEJaen
olivareromod,IberOleum
TheSpanishFood,HedoneMx
OleoExt,Jestepar
CaminarSin,origenonline
angelesaljama,Coronadeolivo
PrakorAgro,valenciafruits
VivaStayfree,Jestepar
margareig,GastrOleum
pacospain5,omedoil
JAntParrilla,ElaiaZait
tarachicharro,picualia
montserratgodoy,GastrOleum
andreu_riera,GelandOficial
susurrameunbeso,SoyGourmet
elenatobar,DipuHU
ATUKGin,GENEHTIK_EN
panvital3,tendalbaeza
quinitoderonda,omedoil
LuisMGallego,Lab_Sensorial
JaRodado,ATodoPlato
Ana_Irurita,itziar_inza
ZapatosdetuBoda,Coronadeolivo
Alfonso_S_A,JuananNieto
OiltogetherBot,GastrOleum
exposito_carmen,AceiteTabernas
exposito_carmen,AceiteTabernas
exposito_carmen,AceiteTabernas
saranunez78,AceiteDOBaena
lacasademarchi,recetasdenoe
EzequielRS1974,DipuHU
marimourens,SilvFranconetti
AMIGASTRONOMIKS,SilvFranconetti
alixmaravillas,SilvFranconetti
jtorresantolin,ATodoPlato
lramirezmolero,origenonline
ZapatosdetuBoda,recetasdenoe
psanchezluengo,recetasdenoe
BorregParras,omedoil
angelesaljama,recetasdenoe
AgrariasRepro,Matarromera
BeaBurBur,recetasdenoe
JAntParrilla,picualia
BeaBurBur,Coronadeolivo
amber_suit,recetasdenoe
