ID,Seguidores,Siguiendo,Favoritos Cuenta
ManuPicon,1193,2006,600
fidex2020,182,230,238
orodetoscalta,50,202,80
_LUZVIDA_,3582,709,74
marianvelasco,5016,3769,4326
bvalencialopezq,26,92,2
CorreWays,1251,1730,811
eComercioAgr,2152,1402,1172
Robernavidades,748,945,5785
TodCocina,145,101,80
raulslot,85,210,261
delsuperes,547,149,327
AceitesGaro,14,63,0
aubocassa,404,238,255
caldeolive,1741,370,660
GaliciousOnline,3457,1804,3738
origenonline,15645,4607,6602
ElaiaZait,1424,1389,4643
Cocina_Maud,55,401,340
jose64pozo1991,209,229,8093
mariajosefasol,94,304,421
Miarteh,33,288,5
agrnegocios,14355,2559,8179
delisierra,349,341,23
queridilla,3032,1914,16483
ascardinca,931,2747,339
SilviaMabelGom4,29,206,131
TricicloMadrid,4468,1923,1209
JavierGoyaChef,2178,1720,738
ForChinaTrade,55,354,128
teleoliva,93,241,45
baenaoliva,8922,8696,939
unimedicaccs,231,256,59
marbAllStars,644,494,1504
casadelreyprieg,440,498,1845
lali_amiga,2512,1854,43146
fincaelsaltillo,123,488,79
ChileOliva,11646,11051,1829
OlivicolaLaur,534,394,477
JavierFranco18,901,188,19
Oroliquido,384,814,280
TabernaChapeau,45,91,652
EduardoEpo,78,252,316
AgrariasRepro,560,2217,22977
OiltogetherBot,83,1,6
SanoManjar,62865,49858,9583
henrimoraove,249,339,317
Balcondelsur,101,134,297
anaescobarayc,5237,1083,1972
AceiteTabernas,1463,652,2
KitesurfBcn,3153,3367,3361
Albacete_MJ,437,600,350
javimerinocrea,525,794,189
AguaLeonor,3373,2132,24603
evamariacano,428,503,25079
ayc_accion,4585,2096,4884
FincalaTorre,989,295,1010
AnaR_FM,47,64,0
cynthiamlg,685,2366,2529
Growtheventsesp,42,150,154
GastroMag_es,78,183,144
AnaAnIzquierdo,30,50,769
stierrabrava,1691,2005,7
TalaveraJosefa,91,185,171
exposito_carmen,36,124,51
IsaRoblesMalaga,531,397,99
HaciendaOrtigos,194,139,77
anacarmen2006,201,637,1634
evoofans,1364,863,895
CordobaShops,2075,572,4293
FincaColchado,501,899,173
dietanutric,230,490,39
maryjogj,736,707,40496
Al_Margen,930,805,886
AndaluciaSabor,6628,2847,2527
9olivos_AE,78,127,43
MARIALOPNAV,177,265,492
anchacastilla,4532,3453,23
hazalacentenosa,1436,3356,767
FincaLaComarca,29,44,0
aeomlln,203,350,613
GastronomiaJaen,3963,294,4756
TotalWinePack,1231,1043,1178
elsoler88,466,700,1205
AOVEAmargayPica,805,893,351
Oliva_Salud,310,367,124
FincaLaBarca1,199,352,712
Framoliva,1390,499,340
ElClubCampos,3201,2223,1348
josfradeb,612,1044,2621
Plasenciasabore,367,615,251
LaCocinaDelSur,5999,5156,7449
AOVEBercho,34,137,11
ArmoniumE,176,296,427
e_avante,7699,806,726
QualityFry,277,404,683
daviiiiiiii8,11034,11776,18765
ecolibor_olga,46,264,241
AceitesVallejo,1130,1005,28
LiberioPerez,254,422,4
omedoil,645,465,257
Cocina_de_Loli,1883,1878,402
propertibiza,1147,1954,4063
AceitesJabalcuz,129,227,17
sortizlepe,619,495,1051
GaulasAOVE,281,600,34
aiiaoc,447,672,62
OroBailen,1587,872,1653
extendajunta,16634,1568,1572
jfgesp,2666,2637,23
MacarioRE,167,390,120
RevistaAlimenta,9343,2025,6814
OleoRevista,6281,933,2524
OSerrulla,179,59,4564
carlborgchef,1186,790,1402
bcjstaff,2282,1900,2319
boreaglobal,524,1219,594
MolinoCerroRubi,402,586,82
martindprado,101,262,61
aceitecapricho,515,418,735
SaboraMalaga,20774,5355,9763
ana_foodie,111,40,2657
CastillodCanena,4903,1575,3707
buensalud,842,367,184
EsenciaDeOlivo,4548,521,323
OleoRoyal,809,1076,1182
Campopineda,259,193,166
OleicolaJaen,2097,973,1085
ClosDeLaVall,286,152,56
CladiumSelecto,2131,989,420
KarliMranda,6304,4695,4
loscarmenescor,1106,705,627
OleoExt,3319,2980,9908
spanish_cooking,65,96,66
Egoleum,6304,2147,5181
Astobizawine,96,142,551
ESP_F4F,918,1230,3295
LaGacetaGourmet,365,905,51
LaChinata,2354,804,670
edgardemiguel,230,180,272
pagopenarrubia,138,281,548
oleojarico,181,225,348
JAntParrilla,1579,1368,1801
Turismo_Uma,937,415,1132
recetasdenoe,8019,256,55420
CIAL_CSIC_UAM,167,103,366
alvaroareta,1368,429,424
DiAlvrz,158,226,2272
Andalucia_Rural,1573,1056,304
Jestepar,37532,13984,23601
Mostafa33468,4570,4953,371
aovecarrasqueno,6132,4623,2673
iOliva_,32,91,9
RadioSierraFM,911,238,920
juanmamuve,284,525,1626
G0uchCrazy,26,1578,486
msalazarord,65,187,33
BricksForSale,7120,8123,6102
Ainoa_Al,158,356,555
AS_PONTIS,1682,998,673
ElenaViboras,2062,1416,552
espadaniques,1861,704,7435
SenoriosdRelleu,1637,1007,1271
oleovalladolid,1591,1986,418
Sabores_de_Jaen,2110,2202,405
perquisidor,314,588,100
LlambrionLeon,3516,4150,49006
Mozart58,849,769,1373
carlosedodiaz,865,1759,2477
Soyruralcom,1864,2030,538
PueblosyGentes,958,994,335
oleosetin,225,287,245
LoutiSanSe,288,455,590
aceitedenavarra,241,169,0
GastrOleum,611,393,245
JoseAnParraHe,17,114,22
turismodepriego,3674,2400,927
albertohg81,364,997,1031
FiroVazquez,2270,1033,1868
caracol_tours,581,825,225
ColectivoDeoleo,1519,5001,396
orodeldesierto,3054,730,1393
Infoservex,2935,3493,3245
TILORAULPEREZ,312,1381,2612
CortijoDeLaCruz,67,54,84
SierraGataOtono,1094,1211,2604
agro_sevilla,172,147,30
AytoMadridejos,794,191,343
Almedinilla_Tur,1224,622,5993
GonzaloBarrio,486,507,1693
El__Espartano__,58,121,409
Sebasti43780550,89,109,237
psoedelaguardia,797,1475,295
JuanPedro_SR,965,1152,461
argataca,641,2042,571
margareig,1839,369,559
MartinDuranDav,1245,2214,6873
Gemma_Cervera,711,1511,14751
anbsgt,203,523,38
EstamosSeguros_,1009,301,234
maizyalmendra,221,197,345
vinopremium,296,308,0
BodegasMezquita,6815,2104,3510
ameliabertomeu,242,310,2546
Desferas_,129,580,115
Oligarum_,89,106,56
Vanepitina,673,703,273
chicharroandtye,35,39,292
Anxisal,297,807,4443
VaneAMG,886,1472,3213
hoyencordoba,8257,1822,122
caba_del,516,648,25604
olidexabia,13,23,5
Nooneinspecial6,55,118,14744
segundogom,104,67,6519
amorenolicia,821,1220,1332
ManzaEsReal,517,693,471
manfer1978,3,9,1
innova_scape,5692,52,539
amaliagaroca,466,420,2659
QueridasFashion,3505,2669,10084
TauroJaen,18,81,74
RojVicky,305,379,1384
AOVESpiritu_Sto,1505,550,1350
aceitetorrijos,384,289,197
casadelaceite,654,264,283
gastrotea,565,703,1119
ArteOliva,1837,1624,1984
elisacreams,2339,3042,13256
olorysaborselec,520,134,8079
Honorio_Cordoba,2327,2332,6682
JoseMtnezArias,2766,4998,75
juliovicenteglz,479,688,2092
CarmenAcedo,176,261,1984
jesusrodrigo65,1426,50,16873
AceitesOlivaESP,33365,545,4785
magda_sevilla,11284,7432,1523
macorepe,519,354,10503
rodrigodlcj,5,19,140
JesusInma09,100,235,1069
DOMarbella,804,642,80
ambientesomos,331,816,74
rabsour,38,286,1098
Celicidadsinglu,1800,1309,4988
aceiterajaenera,592,792,138
generaltachin,3878,4078,179
CaminarSin,5102,1586,24508
immofux,33937,29049,188231
famalap,3031,907,27239
piti10vk,454,739,20708
deliverydis,1697,636,90
Gabriela_Alonso,1170,287,4133
9Oliveres,40,124,23
almasubbetica,2774,749,4093
celesgalan64,1917,881,116939
MarysaEsteban,456,276,6071
RJBOTANICO,12313,930,17561
Cmartin11R,1801,2023,41053
guillermoesnal,5491,3399,3109
SaborDeOro,1525,1225,2808
taninosarg,708,252,2279
FlorSommelier,1582,1034,3864
eaceite,716,768,760
losdellisola,1657,740,57
marcedellisola,7981,357,27
Olivapalacios,824,980,1010
roseheather1,2609,2446,4632
InCloud_PromExt,576,186,55
vnistalm,303,549,153
lacomercialnar,563,519,421
Aceite1881,517,622,312
SBsoftware_es,455,2161,688
CarsTarazaga,393,442,992
JoyasWarlock,289,794,2168
edit_agricola,9956,1452,2403
AceitesG_Cruz,585,368,310
Picuelite,213,194,441
patriue,268,351,129
RaffaelloManfr1,947,897,1243
tendalbaeza,253,120,101
josemsabalete,579,517,1028
CortijolaTorre,1536,514,683
soleromanh,189,336,146
lramirezmolero,472,164,4920
carlos232232,9022,7271,40268
GranConsumoTv,5920,1899,1806
amorenvena,48,172,69
Turismodeubeda,6846,6288,8112
Javi_Aceituno,1215,636,12458
SuarezRaquel5,192,468,675
SentirOliva,106,143,245
carmeroso,554,1674,30145
Gacetinmadrid,5438,5494,8139
GastroUbeda,428,254,177
loladealmeria,4692,1912,39440
BronzeMora,1348,1706,5470
Claudia_Grape,4845,5330,37
Jrrrey,443,736,11021
manoloprosur,1221,2030,10834
cc_burgocentro,2761,1174,209
OleotecaSevilla,75,61,36
Tapeandojaen,1476,455,959
NinaZucchi,2086,1924,205
AceitesLaMaja,1264,350,579
17ISA17,40,40,1945
Heroina_Virgen,5763,1973,12978
AlfredoVAyala,487,145,3134
PSOEJAEN,7899,4871,563
ana00878991,4,54,69
chaosbusiness,964,1615,3594
chinobailen,215,333,7264
txelu_teluino,217,302,3323
porsfirio,620,984,2206
CopeNautas,2619,4914,40
evernescom,3987,2876,1161
ASAJAJoven,1884,210,1215
mas_sergio,70,289,55
MareaCucharon,215,350,3020
CopeJaen,4483,641,287
ispedros,17,14,6
Silviaamorcito,1152,1915,4253
Olio_Fino,341,172,144
ohdelicatessen,886,696,988
agirregoia,55,121,5
lolarubialesr,2604,5001,2504
pamatarse,46,163,86
Emmi_GC,2522,1039,6693
LuciaNBcz,884,1410,3919
dastatu,2158,1420,84
Enervitalia,127,204,21
HCondestable,378,147,36
GENEHTIK_EN,1997,1356,2794
Olivarama,4984,1083,128
cristihara,3704,5000,39337
maribelton,543,608,506
JPHURTADO,235,601,24
ZaidaSemprun,279,404,1133
SupremoAOVE,1927,867,4640
MariemmaVO,302,625,1309
maleta_mundi,327,1015,85
andaluza34,316,128,2159
CTAEX_CIT,1483,499,339
AnaPerezLuna,5269,5086,11069
cmartinizkierdo,1915,1879,16172
gastrosumiller,1086,1457,538
felixmartinez44,63,42,10
jabalconymoline,149,155,5
ContratameYGana,2096,1422,6589
saguirresoto,268,300,193
enfsegovia20,282,67,2
israelbetico1,52,154,19
joaquinmorillo,364,483,314
egidiorodriguez,4477,1043,362
Coronadeolivo,2535,934,6714
olivaryaceite,2061,644,1085
Joconlopez,20,72,2
haciendaqueiles,478,241,72
RinconDeBaroja,22,33,0
CarmenOrtiz57,1027,271,336
ChemalpezPadill,28,54,16
duqqueza,514,677,4849
AlbSanroman,2141,3246,11486
juanmolinamart,861,1068,1735
evcata,1959,1591,1347
TerraOleum,745,193,144
aceitespadilla,1815,313,26
karalom_com,2354,2255,43721
PrakorAgro,3364,1973,429
valenciafruits,5584,2947,1383
cduerto,5393,1308,8128
achajim,2564,2537,903
CasaAlbaGourmet,312,102,380
igarciasaura,165,295,14
saluspot,4215,887,2054
OtaloraBio,35,72,0
Jaencoop_Grupo,507,206,328
tuccioliva,84,53,225
juan_revenga,23801,1750,29412
H_Delicatessen,740,269,43
1973MERCI,31,91,431
priordei,84,80,40
FERIASJAEN,3593,1547,1228
Luskyortega,58,51,25
Innoliva,582,422,235
remigiomorillor,230,237,284
ANTONIACUE,1673,1674,17859
javidelatorre71,1725,2082,21113
cmorillor,356,369,885
JaenJunta,2665,51,15
Ynsadiet,1570,1182,1028
pazopegullal,403,492,760
Expoliva_2017,311,36,4
AgriculturAnd,2648,1058,0
LachozadeBambu,134,292,1837
uncear_org,123,611,92
Olivarero,8535,1449,4636
JoseRuizdillo,393,220,115
HeraldoGastro,3997,420,320
ASM_Jaen,139,215,64
CasasdeHualdo,1228,1362,1000
veroilcaps,426,1162,122
MadridCalidad,1871,840,4521
aytoloradelrio,4871,5360,804
acguadalimar,2067,914,86
agroisasl,103,172,137
CortijoelPuerto,347,424,385
Glass_Pack,623,1729,241
DavidGorgues,364,434,114
iloveaceite,7663,1607,2796
chris_obasa,100,277,846
GrupoTorrent,399,746,172
antoniobeneyto,351,510,2769
MonicaPrats3,38,52,377
La_Pontezuela,649,855,1181
P_Vallegarcia,337,331,463
scasanjuan,123,168,1
AytoManchaReal,1280,41,170
WorldOliveOil,3163,862,734
LaMiradaDulce,3101,2885,3845
EsporadiCom,124,811,95
CMEuropaSL,1032,846,754
ConsHealthSpain,42,125,102
BegoaBernal,1328,751,315
beamac93,1526,1286,1589
TodoTomate,138,220,67
AgroExtremadura,447,54,0
JavierImpelte,300,595,641
rosadelachica,14,15,188
Miguelcharros,39,54,10283
albertomarcilla,122,283,16
cocinasenlinea,3817,2908,22127
alfonsoleologo,805,794,391
sommelier_olive,222,119,115
berto_vidal,969,4879,468
AmparoAndaluz_,11,88,7
ejlazar,45920,32502,273287
Kloutstanding,3233,2811,13440
Asiespalencia,804,491,6829
Gastroandalusi,5372,980,6311
montserratgodoy,632,1594,2238
CasimiroFernnd2,71,1341,522
Planeta_Gastro,1017,290,1014
evatorremocha1,510,1671,26
DOVirgenExtra,2750,946,1435
XabierGutierrez,5437,1697,2865
bocaginho7890,17,25,139
aceiteclaramunt,900,375,468
TintaFinaUbeda,71,60,19
lou_lourdes,167,240,399
Anaortegav1968,696,671,7144
grupo_palmetto,15,163,3
asociacioncult5,82,133,811
HilalHnos,12,38,20
supermarmito,116,109,5152
MDSCAlimentaria,641,2171,763
hubosa1,227,473,403
Clmnt_Talavera,1908,1829,138
epcomunicacion,5221,1923,2676
evooleum,518,436,53
F_Globalcaja_CU,181,90,598
mariela_mvm0675,24,64,95
asem_martos,543,494,509
pilar_viso,519,368,15237
jjaviermeana,182,188,191
angelesaljama,3625,3559,29484
ZapatosdetuBoda,17643,17062,85666
Grupo_Triade,37,80,14
CanCompanyoCat,1442,238,2
IakiMolina3,260,1011,211
RvstaTodoJaen,652,453,182
vero_ferndz,516,774,1391
AceiteMaquiz,93,133,540
JDavidOtero,154,167,404
SieteAgromarket,241,292,65
JesusGarridoO,1205,1271,2113
pacoalamobailen,8,20,10
Ainhoarteta,8140,428,3963
TucciMartos,4,23,3
salaalamobailen,18,42,34
manuelfdezjaen,2164,1961,1033
Bravoleum_HPalo,1281,945,826
GourmetfeBlanco,259,554,473
tahonasalamanca,1164,567,57
Tobillos10,343,295,400
RestEnlaParra,312,240,547
picualia,1607,947,1150
rrgaioso,377,845,1105
MarcosDhomin,1121,717,2789
jvalentinao,62,138,746
SomosGlobalcaja,1331,767,2399
AcozarC,47,176,251
monirocampeona,2555,888,3340
ComunicacActiva,842,268,346
AsocFeriasEsp,434,521,170
AreaFSmlg,53,251,261
crisprincesita7,452,1794,4207
EpicureaGT,649,597,1765
ROCIODELRIO1,162,186,700
migueldmdmAOVE,266,201,1471
angelmolina86,565,488,153
torrevequia,877,1950,46
AceiteMelgarejo,866,543,607
Doloreslevymont,712,449,36123
recesivo_julian,117,346,2407
BacusTravelTour,986,1279,932
HortaDObradoiro,1747,1457,739
ingnia_,52,144,34
69Eduardjb,179,240,28
PekadosGourmet,1847,1220,43
josancru,31150,6421,9725
OleayOle,933,571,2445
Gourmet_Jaen,307,139,34
Dgpeinado,379,432,1094
jpereira1957,311,804,109
mercacei,4618,877,60
GabinMultimedia,705,1404,1618
MaginaSurInfo,1987,1979,1053
apadrinaTuOlivo,2556,2948,6632
DOSierraMagina,3525,993,8291
FirthFc,64,126,328
TasquiEnfrente,2680,1018,2849
timdekir,9738,5323,16245
irenegonser,186,291,3549
RafaelaMarmol,735,1117,1156
rosalecina,781,1385,637
DiputacionES,559,719,0
dipucordoba,16441,882,5158
lacasademarchi,4317,2891,40577
IberOleum,626,874,275
comerciallerma,643,1179,1186
AOVEJaen,2320,383,1865
angeltardon,188,95,443
ACES_supers,2591,2353,1179
segurosrga,983,281,2433
AnaMR_olive,33,72,2
RafaRomantuit,878,968,548
IFEexhibition,7333,2619,1342
piluki33,319,342,2045
Matarromera,20612,11003,21717
linagonzalezmor,5899,3801,27291
MiguelAruizG,299,391,515
maquijar,576,551,42
BeaBurBur,180,313,1481
HardwareINFOfr,51,35,112
oliaesa,106,241,44
Grand_Class,390,1264,123
Finca_La_Jaraba,258,405,76
Decoraire,5847,3651,48218
capricciplata,5875,4455,16411
RosaRios73,191,176,31
Yacolchones,4391,4219,35257
supcseguro,4982,4426,45004
aceitesandua,251,110,320
psanchezluengo,4271,1597,25748
EnologicaSm,63,104,65
toxicosmos76,721,1270,3598
eugeherrerita,307,625,5186
ruralbuytron,1504,1562,2246
lesvoltes34sbd,1188,1986,57
TheWhiskyKiwi,3207,3315,36457
MMWinesUK,956,1323,8342
MontillaMoriles,3986,838,2138
Alvillegasb,1097,1082,2327
arranzgastrocul,1411,3365,224
Cultura_CdR,155,690,382
HonestHumanity,1994,2184,1036
jlcaravaca,1012,2466,2610
blog4mejores,9441,1239,813
OlivaSomm,141,140,121
luarnaluna,54,162,355
LaAlqueria_aove,1594,222,73
Flow_Cooking,1985,2282,7929
1001zapatos,2868,671,17842
karpinsito,182,461,499
LC_Valdivia,376,565,746
TPartearroyo,97,166,152
jhonlandox,120,366,49
ollibucairam,96,170,773
a8a10ed8b4bc45a,6,64,58
sergiocb78,83,356,145
comiendospain,88,482,357
RVinils,1016,1984,3887
Lolacebolla,2331,1339,50315
LuxurySpainTrav,1372,2011,2464
amimaye4,23,47,58
beapenaparra,618,883,4279
TipeSoft,1345,782,56
Plementos,1165,886,12554
chary_serrano,7069,3866,26892
gabbysweetStyle,1316,715,16192
HuelvaBN,8931,600,216
raolqu,1048,631,1527
LuciaCuevasM,803,332,5191
Teresaromeromo1,96,147,681
Amigos_ppBaeza,1490,1347,4465
InformaticoJaen,789,1363,10
ClubAceitalia,101,241,1
caaecert,179,48,39
ecoagroliberal,67,61,104
flosdo,81,261,178
jose_er_cartero,115,225,65
mhartham,39,58,894
citoliva,6237,1387,3867
El_Olivar_es,487,84,70
massagecastillo,6,1,1
mariajimenezlu2,150,311,12394
unolivo,64,90,25
Albondon2011,418,529,324
mnavascuesa,367,576,279
FalconGissele,588,1011,66
origenoliva,217,588,65
AnaBGonzlezPino,1547,818,10271
Marca_Madrid_,8176,8981,12
GoldGourmet,4532,2477,1953
teteguzmangarc1,562,1018,2905
GroupeCarsoEs,82,578,85
iserrab,123,222,114
JavierParradol,721,632,30337
TobeOnlineC,567,788,1204
aceitunaslopez,86,113,5
ASAJASEVILLA,3123,523,3941
AntonioMS1968,224,177,1207
olissole,167,118,1070
aoveAgura,381,343,245
ruelolita,2316,861,23828
THETOWERMARKET,643,234,360
asajajaen,3552,810,958
agrofogones,2968,4697,12239
SolanoLuisa,2509,3316,20279
SpainInRussia,1395,775,18628
aceiteraabuela,56,69,139
Taverna_11,63,313,540
tellusmagna,423,657,292
aoveheredad,127,334,41
mavitrapos,5561,1123,29496
Badisamor,2119,3007,41141
Criscrash1,4670,2783,27666
S_Molina_,530,601,810
LydiaECorral,746,900,5564
Nacho_Sandoval,6456,3398,23144
DomingoJRuiz,116,134,273
gines_mena,2484,2149,5589
OleoturismoAnd,675,1001,924
evmum,747,406,7276
escologico,1741,2997,40993
PabloGonzalez08,494,588,162
vilar_hernandez,539,417,1312
alexxanderlin,4346,3813,24918
montseibars6,1547,349,148252
MCIAlbaceteUCLM,307,1178,168
elipsegourmet,47,139,61
ConAdeAceites,171,550,69
COLOQUIOSTV,9693,4503,58
lacocinadegibe,11531,1372,120
OliSolivellas,799,426,182
estelamelcon,1411,1748,12477
Trucossaludcase,2563,2086,3761
seralgalvez,1253,1996,30605
AceitesOlivaES,29700,1772,3024
CFerney03,113,165,153
AnchaCLM,1680,995,1043
AOVESourHot,1437,826,1769
jaenturismo,5652,131,1926
agromiron,1013,1524,343
el_tranco,404,630,984
retailactual,1907,1478,983
javiersf78,75,101,217
info_horeca,2464,1498,471
ferpemi,349,362,193
clubsolavieya,416,589,1828
VICENTEPELUQUER,888,540,5230
juanda_arguera,73,526,3181
esecarballo,229,106,4311
Directo_Olivar,1530,482,719
_prysma,261,215,311
ElBuenComerACE,231,2344,1356
IsabeldelaVill2,47,49,257
fernandodelaca2,169,425,731
LaAguja_es,2096,1925,1257
josegcparty,11558,10664,11657
ENAC_acredita,1704,482,942
apuntesdemoda,419,127,2323
AldonzaGourmet,386,699,125
carlospiza,1825,999,129
JOATOES,480,1172,210
GUADIANA_Wines,1356,1702,350
VINA_XETAR,1040,1268,202
ortizfonso,1328,1891,1881
mudanzas_portes,1894,3536,12832
PackCompany,115,544,18
TomikoSpain,1493,928,41
enripenalver,2446,47,100365
DegustaJaen,3971,1107,2338
Mallorca_Mola,2434,859,2707
KikeDeGea,535,1321,1197
OlideMallorca,1046,629,947
AntojeriaTapas,625,812,324
Bici_Solidaria,3927,4447,92157
recetasdecarol,7714,7613,11597
Mesadedos,4116,1005,6446
soledadcoope,801,716,5677
Natural_Uve,0,21,3
saberculinario,6585,1732,5450
oceanashop,1373,1244,10360
orodecanava,2690,765,463
jherreraarenas,391,432,1678
LaHoja_LaFueya,1525,1173,2352
Grafimediaweb,3164,2763,2677
sitioparapostre,18635,7320,12809
MadridEngancha,1912,1215,3546
Saboreandolavid,4400,1989,12470
LesFartures,4124,4748,8892
weetabix_es,1936,178,3548
QvExtra,852,374,255
irismusearts,853,398,14235
mister_closet,1495,565,23756
CeremecoSalud,327,824,818
Aceite100Canos,887,699,70
VallaVir,2230,1362,5709
joselop44,6131,4762,25605
AndPCz,1070,904,10310
ElCaballoGoloso,3316,2776,17963
Pozuelo2015Mary,1586,1624,12412
AnaPatricia_GC,2519,2280,9887
bottleandcan,12797,12243,45114
Virgini31410456,240,2070,914
Ariencilla,3866,1829,33284
chris_aparicio_,6106,2241,9902
palomamobaile,2950,1627,10501
Maricar63859553,16,186,223
AnUnusualStyle,815,233,8884
Ana_I_Sanchez,1311,553,243
jugoviral,1005,1073,6109
Andreadiezp,1218,922,13363
ulparapensar,1671,1409,13450
Maria_Rocio_L,6549,5695,59567
GourmetCulture,1510,1974,163
buscobanco,517,490,9131
WhynotShopper,554,319,8253
LupoterraAove,41,54,100
saboreamalaga,1041,734,10644
fciasufornells,566,1125,3688
CzarinaGalan,83,218,1599
AsajaMalaga,428,214,47
soniajuradops,1750,965,22789
Analupao,293,184,5472
REPORTINQUIETO,4941,4231,1416
RafaelMuela,508,124,61
SergioDenia,1262,1214,2512
claudiabola,1522,2517,1586
PersonalizaloDD,812,1878,22557
Tamiz_revista,634,159,81
CIFEM_mx,608,1372,45
PalomaTrends,5114,2608,34270
PlanetBoadilla,157,187,440
ElPlanetaDeA1,1117,1643,4895
LifeLoversBcn,7252,3018,51347
StrategiaOnline,15409,3028,338
illerenadefrut1,60,74,2578
cmartecreativo,1726,1431,18779
molinojabonero,137,129,55
franciscowjg,5094,5024,311
romy_canadas,5046,2639,27896
mivestidoazul_,7077,1772,54960
Remealsurdelsur,3869,2666,1877
Mohammadrawat_9,28,49,7
DulceMenta213,4126,2360,3179
SusanaOlympia,1397,1420,18827
lamodaevita,1158,916,3158
agrodhuelva,1180,502,106
BeatrizFernnd,4647,2251,49003
Stardivarius_,2726,1085,37358
D43NeRYs,15,11,0
JoseMeleroAmate,646,611,265
diarioas,2245671,1043,10079
tiny_robin,472,705,3344
Ninja2p0,4079,2269,13849
lperezabad,950,1149,1465
Antoniad2014D,4,56,45
sumillerasesor,534,927,1396
CasaLhardy,1890,457,2629
buenavida_mas,1164,71,110
PilukaEsteban,149,158,955
ConchiSamper3,255,180,3185
flashmodainout,1281,728,14355
palibeblog,631,244,8215
Magda271murcia,1893,1333,16860
mai_maikshine,1752,980,28768
byjuliaserrano,8072,5149,31151
B2Btwins,170,513,234
Formacionyenol,913,1396,130
Forma_Docente,14,7,32
almazaraespadan,144,389,20
BaenaUniversal,155,94,354
OrganicookBio,143,723,36
Vivencia_dehesa,308,487,1557
tastegallerymad,857,921,58
antiqueubeda,434,362,25
juferza,384,319,2134
sebafoto,426,858,432
catalinaborras,525,521,194
AgronegociosMxx,42,110,1
CULTURA_ACEITE,972,1904,6422
lasolana2,1574,1343,405
SecSabina,104,254,65
conredsyaloloco,428,1279,174
wizzytye1807,115,232,823
TheFoodTeamES,141,883,9
jluismateo10,4372,4297,2921
RaquelCantos,847,673,5016
custolopez,227,304,2168
Marisakabe1500,17,136,45
MilaMChef3,2685,588,11280
Olivadelsur,4831,4713,1149
TierrasdeCanena,801,720,422
xelu_burgos,101,168,488
elmonastrell,2388,584,1503
mariazafran,3315,783,3662
agagoaira,35,60,471
DespensaDeLolin,427,420,0
fortalezas_,720,657,207
cubdegloria,1042,255,31
UniondeUniones,1705,672,643
neuronaex,760,517,502
teresa_sin,1438,2303,35432
POPULOBAEZA,1050,444,561
CKLcomunica,2454,1936,4194
CoopsAgroAND,1201,365,313
Alicun_rest,78,270,21
valduezaestate,107,102,14
Antojo_cocina,2471,1268,1492
ARTUROGOMEZ13,250,239,394
CasaPrimicia,2469,1357,817
olgalasher,114,315,20
BellotaSalamanc,5,1,0
RN_revista,3074,1467,978
JUSTICIAXDAIANA,156,156,91
marlunav,1206,710,218
Oleoturismia,2580,822,228
escueladeaceite,2826,1090,103
qcom_es,3170,1201,830
RajusIndianCity,1106,474,356
AlimentosdeExtr,68,143,30
DondeMarian,216,454,9
Rh_RealEstate,1590,4939,3270
JHONERIVERA,53,171,84
ferrusoeste,905,1809,3749
paulagarcia3,53987,1857,13009
JugoSocial,8213,3866,12244
thewayral,832,670,7294
PalaciodeUbeda,233,164,95
_tuangel_,2140,1034,9657
VallaTweets,3125,1964,11093
cholloslowcost,896,1085,10584
vaderedes,602,393,10845
Pedhervas,1130,593,1871
fanclubdeivitdj,3626,4997,5907
Romygamy1,914,4979,13836
kalikatas,447,448,1820
barlasteresas,158,243,7
SEVconLengua,272,549,461
PERREO_BABY,2169,3005,1753
Alojam_Delgado,173,420,10
Basilippo,1276,741,717
machouruguayo22,13279,13612,7814
DEIVITDEEJAY,70323,60432,18790
JrRendo,1206,1354,10162
MJMesaOlea,2022,231,672
veganavarra,11,41,57
isaresina,607,306,3656
avavimallorca,12,17,44
LeonorGPajaron,78,157,373
tariklatorre,209,655,264
muozjuvenal,5,74,31
GRUPOVAGUADA,1691,848,13432
elmotivodeanto,84,711,316
enominer,339,285,450
pcsr5,140,368,23
abs_sumilleres,165,168,281
LydiaEpunto,804,717,1110
ab_borrell,285,550,25
somurmejo,94,132,4182
pagodeespejo,130,363,99
Javiermartin1e,316,344,4260
enmivestidor,8471,1555,25768
DjTrujilloLS1,55,150,356
BMesaOlea,62,169,822
AceiteDOBaena,976,226,237
FranKikePineiro,2974,2418,5173
CocinaDelNegro,200,1427,101
amber_suit,1973,652,27211
Esenciandalusi,193,334,56
angmape,98,289,286
pepermed,164,291,3311
DoctorEnPeru,71,81,0
laALACENARoja,5462,2648,14287
saltandoladieta,1208,1345,899
MJ_SaludBelleza,738,776,5741
cincuentayque,3160,1117,62149
jtorresantolin,249,349,428
IUCastrodelRio,290,578,551
JaRodado,984,1419,7118
PepeluArteSacro,12420,7236,129601
noederecetas,1669,132,11632
AliciaHita,2180,1861,35354
HoraAmigas,1267,101,1721
CocodriloAstro2,93,189,1162
GLOBEXSAN_ES,199,211,1127
DonFoodie,204,241,392
JCilpiccione,244,242,66
NocheenBlancoGR,1481,267,256
OleumXauen,2008,950,34
cristina_geland,2,4,10
JorgeGdeOpazo,2204,656,8553
sararomeroe,2058,928,2104
aragonentumesa,4244,1839,1017
GaliciaGastro,3098,1905,7115
AlmazaraVirtud,4,49,3
sbarriosantelo,45,97,19
AlbertoCapsi,31,121,799
coacmalaga,12853,11943,30
jgjc480,15,39,161
Oleomile,146,47,350
patatasacasavel,184,281,86
alexcas1414,34,144,541
JRFernandez1974,37,215,1394
CanalAgroRural,2994,1284,2009
lavv75,158,160,9348
eraseungourmet,42,81,23
Movistar_Team,498353,148,4644
_jaimeolive,880,802,123
chocolatesvalor,37686,992,11215
sgalanrubio,137,164,2956
Olisolivacom,900,316,7
SalondeGourmets,13413,2564,5279
CatadeOro_,21,68,21
aceitedmipueblo,488,606,156
Joan_Ru_Ca,907,420,5805
kospdegata,179,490,402
VillenMontero,106,131,18
condedemirasol,37,0,49
nuriaespana1,1120,1333,375
sicasbe,1272,2019,1879
cultumaniac,232,449,637
GothusOliveOil,1027,5001,126
RafaTaroke,51,94,249
J_Heich,5040,2027,1526
BotiquinMagico,313,279,547
Noti_ambiental,586,1800,18
LuisBuenoLopez,329,450,121
RafaelJordan63,564,784,5157
PlenoProvincial,79,165,1
NOVAREDalicante,270,235,144
101_recetas,670,1342,1136
Ragachica,1258,1475,26875
suarezgallego,668,444,209
OscarSantceloni,5213,322,100
AlexanderCoctel,664,1331,2547
CoopsAgroSEV,101,115,12
teextremadura,1047,744,2319
saborpeninsular,373,380,423
AlmuGonzalez7,337,294,270
isidrocarbonero,190,333,31
fmmanolo,3172,3148,1650
AOVE_Malaga,55,183,11
Oleoalmanzora,1363,1196,1216
JotaCincoMadrid,506,1010,1585
aceiteartillo,276,661,68
JuliaAlonso,1697,1292,2752
Info_Almendro,446,213,572
Heliocatmo,229,211,223
jamonalcortenet,51,38,2
FincaLaOliveta,114,82,60
huerta_digital,3199,978,4730
asr1960,1250,741,18156
juanluisrecio,2259,992,2550
CasadeAdri,272,1063,31368
antocanena,39,44,136
JosGonz77036583,558,2035,476
himen_aa,377,481,3043
MARCANDALUCIA,7184,6621,19164
fabianmvazquez,1119,1131,1217
AytoMengibar,1416,828,123
AOVEMarket,218,392,12
IbericosCOVAP,1816,758,1469
jumorpa,63,77,36
AntonioGutieri,791,1430,3504
AceitunaArahal,107,223,29
FairChanges,1589,1023,1529
an_jaesc,336,1599,10960
txemaaguado,1757,1375,3520
yendoporlavida,630,545,1723
MagnasurAOVE,345,207,108
Horajaen,9662,1031,10138
panepanna,3659,665,1028
fvhesterford,57,213,2016
IPV_Oficial,29,67,0
Carminaenlacoci,4799,2482,25170
gi_sil5536,297,375,7616
Belencilla_blog,251,137,1621
unagimagazine,1068,390,1994
blancacorts,109,56,82
itziar_inza,2853,1164,266
IbizaNET,6203,1808,353
Juanluuu,468,770,131
JesusTrelis,4601,1042,19008
legadoespanol,43,84,5
ivandiezoliver,938,2640,1938
etnogarum,24,218,2
olivareromod,251,551,1026
aldara_rey,1280,543,27902
ImperioGarlic,856,1476,546
AtrapaEditorial,4010,2528,4750
Losabesrest,1337,964,31509
Carnes_Carsegal,40,101,10
XY_Aceite_Oliva,48,113,36
AlvaroGimena,380,380,142
GourmetAbulense,1038,263,1888
SuKimik,403,650,438
peperme,696,2006,4728
OLIPAZ2014,19,25,89
Tabernagourmet,2359,578,919
juancast78,37,85,522
DestinoJaen,879,15,274
mtorrup,576,1236,641
TheSpanishFood,38719,3239,2462
Ma_EsCu,376,883,914
VivaStayfree,893,5002,11020
pacospain5,221,339,291
tarachicharro,879,1950,580
andreu_riera,88,228,33
susurrameunbeso,3183,4130,133
elenatobar,1235,303,863
ATUKGin,2690,3265,9457
panvital3,157,449,78
quinitoderonda,83,306,824
LuisMGallego,2448,2260,14663
Ana_Irurita,114,143,388
Alfonso_S_A,136,204,1888
saranunez78,237,213,23
dondeestavale91,69,296,37
EzequielRS1974,998,1123,620
lacontradejaen,1097,89,56
marimourens,207,506,525
LauraMartinSola,728,1261,428
AMIGASTRONOMIKS,3430,1860,3488
alixmaravillas,4948,5259,3337
BorregParras,91,267,90
SilvFranconetti,726,1143,503
ID,Seguidores,Siguiendo,Favoritos Cuenta
ManuPicon,1193,2006,600
fidex2020,182,230,238
orodetoscalta,50,202,80
_LUZVIDA_,3582,709,74
marianvelasco,5016,3769,4326
bvalencialopezq,26,92,2
CorreWays,1251,1730,811
eComercioAgr,2152,1402,1172
Robernavidades,748,945,5785
TodCocina,145,101,80
raulslot,85,210,261
delsuperes,547,149,327
AceitesGaro,14,63,0
aubocassa,404,238,255
caldeolive,1741,370,660
GaliciousOnline,3457,1804,3738
origenonline,15646,4607,6602
ElaiaZait,1424,1389,4643
Cocina_Maud,55,401,340
jose64pozo1991,209,229,8093
mariajosefasol,94,304,421
Miarteh,33,288,5
agrnegocios,14355,2559,8179
delisierra,348,341,23
queridilla,3032,1914,16483
ascardinca,931,2747,339
SilviaMabelGom4,29,206,131
TricicloMadrid,4468,1923,1209
JavierGoyaChef,2178,1720,738
ForChinaTrade,55,354,128
teleoliva,93,241,45
baenaoliva,8922,8696,939
unimedicaccs,231,256,59
marbAllStars,644,494,1504
casadelreyprieg,441,498,1845
lali_amiga,2512,1854,43146
fincaelsaltillo,123,488,79
ChileOliva,11646,11051,1829
OlivicolaLaur,534,395,477
JavierFranco18,901,188,19
Oroliquido,384,814,280
TabernaChapeau,45,91,652
EduardoEpo,78,252,316
AgrariasRepro,560,2217,22977
OiltogetherBot,83,1,6
SanoManjar,62865,49858,9583
henrimoraove,249,339,317
Balcondelsur,101,134,297
anaescobarayc,5237,1083,1972
AceiteTabernas,1463,652,2
KitesurfBcn,3153,3367,3361
Albacete_MJ,437,600,350
javimerinocrea,525,794,189
AguaLeonor,3374,2132,24603
evamariacano,428,503,25141
ayc_accion,4585,2096,4884
FincalaTorre,989,295,1010
AnaR_FM,47,64,0
cynthiamlg,685,2366,2529
Growtheventsesp,42,150,154
GastroMag_es,78,183,144
AnaAnIzquierdo,30,50,769
stierrabrava,1691,2005,7
TalaveraJosefa,91,185,171
exposito_carmen,36,124,51
IsaRoblesMalaga,531,397,99
HaciendaOrtigos,194,139,77
anacarmen2006,201,637,1634
evoofans,1364,863,895
CordobaShops,2075,572,4293
FincaColchado,501,899,173
dietanutric,230,490,39
maryjogj,736,707,40496
Al_Margen,930,805,886
AndaluciaSabor,6628,2847,2527
9olivos_AE,78,127,43
MARIALOPNAV,177,265,492
anchacastilla,4532,3453,23
hazalacentenosa,1436,3356,767
FincaLaComarca,29,44,0
aeomlln,203,350,613
GastronomiaJaen,3963,294,4756
TotalWinePack,1231,1043,1178
elsoler88,466,700,1205
AOVEAmargayPica,805,893,351
Oliva_Salud,310,367,124
FincaLaBarca1,200,352,712
Framoliva,1390,499,340
ElClubCampos,3201,2223,1348
josfradeb,611,1044,2621
Plasenciasabore,368,615,251
LaCocinaDelSur,5999,5156,7449
AOVEBercho,34,137,11
ArmoniumE,176,296,427
e_avante,7699,806,726
QualityFry,277,404,683
daviiiiiiii8,11034,11777,18765
ecolibor_olga,46,264,241
AceitesVallejo,1130,1005,28
LiberioPerez,254,422,4
omedoil,645,465,257
Cocina_de_Loli,1883,1878,402
propertibiza,1147,1954,4063
AceitesJabalcuz,129,227,17
sortizlepe,619,495,1051
GaulasAOVE,281,600,34
aiiaoc,447,672,62
OroBailen,1587,872,1653
extendajunta,16634,1568,1572
jfgesp,2666,2637,23
MacarioRE,167,390,120
RevistaAlimenta,9343,2025,6814
OleoRevista,6281,933,2524
OSerrulla,179,59,4564
carlborgchef,1186,790,1402
bcjstaff,2282,1900,2319
boreaglobal,524,1219,594
MolinoCerroRubi,402,586,82
martindprado,101,262,61
aceitecapricho,515,418,735
SaboraMalaga,20774,5355,9763
ana_foodie,111,40,2657
CastillodCanena,4903,1575,3707
buensalud,842,367,184
EsenciaDeOlivo,4548,521,323
OleoRoyal,809,1076,1182
Campopineda,259,193,166
OleicolaJaen,2097,973,1085
ClosDeLaVall,286,152,56
CladiumSelecto,2131,989,420
KarliMranda,6304,4695,4
loscarmenescor,1106,705,627
OleoExt,3319,2980,9908
spanish_cooking,65,96,66
Egoleum,6304,2147,5181
Astobizawine,96,142,551
ESP_F4F,918,1230,3295
LaGacetaGourmet,365,905,51
LaChinata,2354,804,670
edgardemiguel,230,180,272
pagopenarrubia,138,281,548
oleojarico,181,225,348
JAntParrilla,1579,1368,1801
Turismo_Uma,937,415,1132
recetasdenoe,8019,256,55420
CIAL_CSIC_UAM,167,103,366
alvaroareta,1368,429,424
DiAlvrz,158,226,2272
Andalucia_Rural,1573,1056,304
Jestepar,37532,13984,23603
Mostafa33468,4570,4953,371
aovecarrasqueno,6132,4623,2673
iOliva_,32,91,9
RadioSierraFM,911,238,920
juanmamuve,284,525,1626
G0uchCrazy,26,1579,486
msalazarord,65,187,33
BricksForSale,7120,8123,6102
Ainoa_Al,158,356,555
AS_PONTIS,1682,998,673
ElenaViboras,2062,1416,552
espadaniques,1861,704,7435
SenoriosdRelleu,1637,1007,1271
oleovalladolid,1591,1986,418
Sabores_de_Jaen,2110,2202,405
perquisidor,314,588,100
LlambrionLeon,3516,4150,49006
Mozart58,849,769,1373
carlosedodiaz,865,1759,2477
Soyruralcom,1864,2030,538
PueblosyGentes,958,994,335
oleosetin,225,287,245
LoutiSanSe,288,455,590
aceitedenavarra,241,169,0
GastrOleum,611,393,245
JoseAnParraHe,17,114,22
turismodepriego,3674,2400,927
albertohg81,364,997,1031
FiroVazquez,2270,1033,1868
caracol_tours,581,825,225
ColectivoDeoleo,1519,5001,396
orodeldesierto,3054,730,1393
Infoservex,2935,3493,3245
TILORAULPEREZ,312,1381,2612
CortijoDeLaCruz,67,54,84
SierraGataOtono,1094,1211,2604
agro_sevilla,172,147,30
AytoMadridejos,794,191,343
Almedinilla_Tur,1224,622,5993
GonzaloBarrio,486,507,1693
El__Espartano__,58,121,409
Sebasti43780550,89,109,237
psoedelaguardia,797,1475,295
JuanPedro_SR,965,1152,461
argataca,641,2042,571
margareig,1839,369,559
MartinDuranDav,1245,2214,6873
Gemma_Cervera,711,1511,14751
anbsgt,203,523,38
EstamosSeguros_,1009,301,234
maizyalmendra,221,197,345
vinopremium,296,308,0
BodegasMezquita,6814,2104,3510
ameliabertomeu,242,310,2546
Desferas_,129,580,115
Oligarum_,89,106,56
Vanepitina,673,703,273
chicharroandtye,35,39,292
Anxisal,297,807,4443
VaneAMG,886,1472,3213
hoyencordoba,8257,1822,122
caba_del,516,648,25604
olidexabia,13,23,5
Nooneinspecial6,55,118,14744
segundogom,104,67,6519
amorenolicia,821,1220,1332
ManzaEsReal,517,693,471
manfer1978,3,9,1
innova_scape,5691,52,539
amaliagaroca,466,420,2659
QueridasFashion,3505,2669,10084
TauroJaen,19,81,74
RojVicky,305,379,1384
AOVESpiritu_Sto,1505,550,1350
aceitetorrijos,384,289,197
casadelaceite,654,264,283
gastrotea,565,703,1119
ArteOliva,1837,1624,1984
elisacreams,2339,3042,13256
olorysaborselec,520,134,8079
Honorio_Cordoba,2327,2332,6682
JoseMtnezArias,2766,4998,75
juliovicenteglz,479,688,2092
CarmenAcedo,176,261,1984
jesusrodrigo65,1426,50,16873
AceitesOlivaESP,33364,545,4785
magda_sevilla,11284,7432,1523
macorepe,519,354,10503
rodrigodlcj,5,19,140
JesusInma09,100,235,1069
DOMarbella,804,642,80
ambientesomos,331,816,74
rabsour,38,286,1098
Celicidadsinglu,1800,1309,4988
aceiterajaenera,592,792,138
generaltachin,3878,4078,179
CaminarSin,5102,1586,24508
immofux,33937,29049,188251
famalap,3031,907,27239
piti10vk,454,739,20708
deliverydis,1697,636,90
Gabriela_Alonso,1170,287,4133
9Oliveres,40,124,23
almasubbetica,2774,749,4093
celesgalan64,1917,882,116943
MarysaEsteban,456,276,6071
RJBOTANICO,12313,930,17561
Cmartin11R,1801,2023,41058
guillermoesnal,5491,3399,3109
SaborDeOro,1525,1225,2808
taninosarg,708,252,2279
FlorSommelier,1582,1034,3864
eaceite,716,768,760
losdellisola,1657,740,57
marcedellisola,7981,357,27
Olivapalacios,824,980,1010
roseheather1,2609,2446,4632
InCloud_PromExt,576,186,55
vnistalm,303,549,153
lacomercialnar,563,519,421
Aceite1881,517,622,312
SBsoftware_es,455,2161,688
CarsTarazaga,393,442,992
JoyasWarlock,289,794,2168
edit_agricola,9956,1452,2403
AceitesG_Cruz,585,368,310
Picuelite,213,194,441
patriue,268,351,129
RaffaelloManfr1,947,897,1244
tendalbaeza,253,120,101
josemsabalete,579,517,1028
CortijolaTorre,1536,514,683
soleromanh,189,336,146
lramirezmolero,472,164,4920
carlos232232,9022,7271,40268
GranConsumoTv,5920,1899,1806
amorenvena,48,172,69
Turismodeubeda,6846,6288,8112
Javi_Aceituno,1215,636,12458
SuarezRaquel5,192,468,675
SentirOliva,106,143,245
carmeroso,554,1674,30145
Gacetinmadrid,5439,5495,8141
GastroUbeda,428,254,177
loladealmeria,4692,1912,39440
BronzeMora,1348,1706,5470
Claudia_Grape,4845,5330,37
Jrrrey,443,736,11021
manoloprosur,1221,2030,10834
cc_burgocentro,2761,1174,209
OleotecaSevilla,75,61,36
Tapeandojaen,1476,455,959
NinaZucchi,2086,1924,205
AceitesLaMaja,1264,350,579
17ISA17,40,40,1945
Heroina_Virgen,5763,1973,12978
AlfredoVAyala,487,145,3134
PSOEJAEN,7899,4871,563
ana00878991,4,54,69
chaosbusiness,964,1615,3594
chinobailen,215,333,7264
txelu_teluino,217,302,3323
porsfirio,620,984,2206
CopeNautas,2620,4914,40
evernescom,3987,2876,1161
ASAJAJoven,1884,210,1215
mas_sergio,70,289,55
MareaCucharon,215,350,3020
CopeJaen,4483,641,287
ispedros,17,14,6
Silviaamorcito,1152,1915,4253
Olio_Fino,341,172,144
ohdelicatessen,886,696,988
agirregoia,55,121,5
lolarubialesr,2604,5001,2504
pamatarse,46,163,86
Emmi_GC,2522,1039,6693
LuciaNBcz,884,1410,3919
dastatu,2158,1420,84
Enervitalia,127,204,21
HCondestable,378,147,36
GENEHTIK_EN,1997,1356,2794
Olivarama,4984,1083,128
cristihara,3704,5000,39338
maribelton,543,608,506
JPHURTADO,235,601,24
ZaidaSemprun,279,404,1133
SupremoAOVE,1927,867,4640
MariemmaVO,302,625,1309
maleta_mundi,327,1016,86
andaluza34,316,128,2159
CTAEX_CIT,1483,499,339
AnaPerezLuna,5269,5086,11069
cmartinizkierdo,1915,1879,16172
gastrosumiller,1086,1457,538
felixmartinez44,63,42,10
jabalconymoline,149,155,5
ContratameYGana,2096,1422,6589
saguirresoto,268,300,193
enfsegovia20,282,67,2
israelbetico1,52,154,19
joaquinmorillo,364,483,314
egidiorodriguez,4477,1043,362
Coronadeolivo,2535,934,6714
olivaryaceite,2061,644,1085
Joconlopez,20,72,2
haciendaqueiles,478,241,72
RinconDeBaroja,22,33,0
CarmenOrtiz57,1027,271,336
ChemalpezPadill,28,54,16
duqqueza,514,677,4849
AlbSanroman,2141,3246,11486
juanmolinamart,861,1068,1735
evcata,1959,1591,1347
TerraOleum,745,193,144
aceitespadilla,1815,313,26
karalom_com,2354,2255,43721
PrakorAgro,3364,1973,429
valenciafruits,5584,2947,1383
cduerto,5393,1308,8128
achajim,2564,2537,903
CasaAlbaGourmet,312,102,380
igarciasaura,165,295,14
saluspot,4215,887,2054
OtaloraBio,35,72,0
Jaencoop_Grupo,507,206,328
tuccioliva,84,53,225
juan_revenga,23803,1750,29412
H_Delicatessen,740,269,43
1973MERCI,31,91,431
priordei,84,80,40
FERIASJAEN,3593,1547,1228
Luskyortega,58,51,25
Innoliva,582,422,235
remigiomorillor,230,237,284
ANTONIACUE,1673,1674,17865
javidelatorre71,1725,2082,21114
cmorillor,356,369,885
JaenJunta,2665,51,15
Ynsadiet,1570,1182,1028
pazopegullal,403,492,760
Expoliva_2017,311,36,4
AgriculturAnd,2648,1058,0
LachozadeBambu,135,292,1837
uncear_org,123,611,92
Olivarero,8535,1449,4636
JoseRuizdillo,393,220,115
HeraldoGastro,3997,420,320
ASM_Jaen,139,215,64
CasasdeHualdo,1228,1362,1000
veroilcaps,426,1162,122
MadridCalidad,1871,840,4521
aytoloradelrio,4871,5360,804
acguadalimar,2067,914,86
agroisasl,103,172,137
CortijoelPuerto,347,424,385
Glass_Pack,623,1729,241
DavidGorgues,364,434,114
iloveaceite,7663,1607,2796
chris_obasa,100,277,846
GrupoTorrent,399,746,172
antoniobeneyto,351,510,2769
MonicaPrats3,38,52,377
La_Pontezuela,649,855,1181
P_Vallegarcia,337,331,463
scasanjuan,123,168,1
AytoManchaReal,1280,41,170
WorldOliveOil,3163,862,734
LaMiradaDulce,3101,2885,3845
EsporadiCom,124,811,95
CMEuropaSL,1032,846,754
ConsHealthSpain,42,125,102
BegoaBernal,1328,751,315
beamac93,1526,1286,1589
TodoTomate,137,220,67
AgroExtremadura,448,54,0
JavierImpelte,300,595,641
rosadelachica,14,15,188
Miguelcharros,39,54,10283
albertomarcilla,122,283,16
cocinasenlinea,3817,2908,22127
alfonsoleologo,805,794,391
sommelier_olive,222,119,115
berto_vidal,969,4879,468
AmparoAndaluz_,11,88,7
ejlazar,45920,32502,273287
Kloutstanding,3233,2811,13440
Asiespalencia,804,491,6829
Gastroandalusi,5372,980,6311
montserratgodoy,632,1594,2238
CasimiroFernnd2,71,1341,522
Planeta_Gastro,1017,290,1014
evatorremocha1,510,1671,26
DOVirgenExtra,2750,946,1435
XabierGutierrez,5437,1697,2865
bocaginho7890,17,25,139
aceiteclaramunt,900,375,468
TintaFinaUbeda,71,60,19
lou_lourdes,167,240,399
Anaortegav1968,696,671,7144
grupo_palmetto,15,163,3
asociacioncult5,82,133,811
HilalHnos,12,38,20
supermarmito,116,109,5152
MDSCAlimentaria,641,2171,763
hubosa1,227,473,403
Clmnt_Talavera,1908,1829,138
epcomunicacion,5221,1923,2676
evooleum,518,436,53
F_Globalcaja_CU,181,90,598
mariela_mvm0675,24,64,95
asem_martos,543,494,509
pilar_viso,519,368,15238
jjaviermeana,182,188,191
angelesaljama,3626,3559,29484
ZapatosdetuBoda,17643,17062,85666
Grupo_Triade,37,80,14
CanCompanyoCat,1442,238,2
IakiMolina3,260,1011,211
RvstaTodoJaen,652,453,182
vero_ferndz,516,774,1391
AceiteMaquiz,93,133,540
JDavidOtero,154,167,404
SieteAgromarket,241,292,65
JesusGarridoO,1205,1271,2113
pacoalamobailen,8,20,10
Ainhoarteta,8140,428,3963
TucciMartos,4,23,3
salaalamobailen,18,42,34
manuelfdezjaen,2164,1961,1034
Bravoleum_HPalo,1281,945,826
GourmetfeBlanco,259,554,473
tahonasalamanca,1164,567,57
Tobillos10,343,295,400
RestEnlaParra,312,240,547
picualia,1607,947,1150
rrgaioso,377,845,1105
MarcosDhomin,1121,717,2789
jvalentinao,62,138,746
SomosGlobalcaja,1331,767,2399
AcozarC,47,176,251
monirocampeona,2555,888,3340
ComunicacActiva,842,268,346
AsocFeriasEsp,434,521,170
AreaFSmlg,53,251,261
crisprincesita7,450,1794,4207
EpicureaGT,649,597,1765
ROCIODELRIO1,162,186,700
migueldmdmAOVE,266,201,1471
angelmolina86,565,488,153
torrevequia,877,1950,46
AceiteMelgarejo,866,543,607
Doloreslevymont,712,449,36123
recesivo_julian,117,346,2407
BacusTravelTour,986,1279,932
HortaDObradoiro,1747,1457,739
ingnia_,52,144,34
69Eduardjb,179,240,28
PekadosGourmet,1847,1220,43
josancru,31150,6421,9725
OleayOle,933,571,2445
Gourmet_Jaen,307,139,34
Dgpeinado,379,432,1094
jpereira1957,311,804,109
mercacei,4618,877,60
GabinMultimedia,705,1404,1618
MaginaSurInfo,1987,1979,1053
apadrinaTuOlivo,2556,2948,6632
DOSierraMagina,3525,993,8291
FirthFc,64,126,328
TasquiEnfrente,2680,1018,2849
timdekir,9738,5323,16245
irenegonser,186,291,3549
RafaelaMarmol,735,1117,1156
rosalecina,781,1385,637
DiputacionES,559,719,0
dipucordoba,16441,882,5159
lacasademarchi,4317,2891,40577
IberOleum,626,874,275
comerciallerma,643,1179,1186
AOVEJaen,2320,383,1865
angeltardon,188,95,443
ACES_supers,2591,2353,1179
segurosrga,983,281,2433
AnaMR_olive,33,72,2
RafaRomantuit,878,968,548
IFEexhibition,7333,2619,1342
piluki33,319,342,2045
Matarromera,20612,11003,21717
linagonzalezmor,5898,3801,27291
MiguelAruizG,299,391,515
maquijar,576,551,42
BeaBurBur,180,313,1481
HardwareINFOfr,51,35,112
oliaesa,106,241,44
Grand_Class,390,1264,123
Finca_La_Jaraba,258,405,76
Decoraire,5847,3651,48218
capricciplata,5875,4455,16411
RosaRios73,191,176,31
Yacolchones,4391,4219,35257
supcseguro,4982,4426,45004
aceitesandua,251,110,320
psanchezluengo,4269,1597,25748
EnologicaSm,63,104,65
toxicosmos76,721,1270,3598
eugeherrerita,307,625,5186
ruralbuytron,1504,1562,2246
lesvoltes34sbd,1188,1986,57
TheWhiskyKiwi,3207,3315,36457
MMWinesUK,956,1323,8342
MontillaMoriles,3986,838,2138
Alvillegasb,1097,1082,2327
arranzgastrocul,1411,3365,224
Cultura_CdR,155,690,382
HonestHumanity,1994,2184,1036
jlcaravaca,1012,2466,2610
blog4mejores,9441,1239,813
OlivaSomm,141,140,121
luarnaluna,54,162,355
LaAlqueria_aove,1594,222,73
Flow_Cooking,1985,2282,7929
1001zapatos,2868,671,17842
karpinsito,182,461,499
LC_Valdivia,376,565,746
TPartearroyo,97,166,152
jhonlandox,120,366,49
ollibucairam,96,170,773
a8a10ed8b4bc45a,6,64,58
sergiocb78,83,356,145
comiendospain,88,482,357
RVinils,1016,1984,3887
Lolacebolla,2331,1339,50315
LuxurySpainTrav,1372,2011,2464
amimaye4,23,47,58
beapenaparra,618,883,4279
TipeSoft,1345,782,56
Plementos,1165,886,12554
chary_serrano,7069,3866,26892
gabbysweetStyle,1316,715,16192
HuelvaBN,8931,600,216
raolqu,1048,631,1527
LuciaCuevasM,803,332,5191
Teresaromeromo1,96,147,681
Amigos_ppBaeza,1490,1347,4465
InformaticoJaen,789,1363,10
ClubAceitalia,101,241,1
caaecert,179,48,39
ecoagroliberal,67,61,104
flosdo,81,261,178
jose_er_cartero,115,225,65
mhartham,39,58,894
citoliva,6237,1387,3867
El_Olivar_es,487,84,70
massagecastillo,6,1,1
mariajimenezlu2,150,311,12394
unolivo,64,90,25
Albondon2011,418,529,324
mnavascuesa,367,576,279
FalconGissele,588,1011,66
origenoliva,217,588,65
AnaBGonzlezPino,1547,818,10271
Marca_Madrid_,8176,8981,12
GoldGourmet,4532,2477,1953
teteguzmangarc1,562,1018,2906
GroupeCarsoEs,82,578,85
iserrab,123,222,114
JavierParradol,721,632,30337
TobeOnlineC,567,788,1204
aceitunaslopez,86,113,5
ASAJASEVILLA,3123,523,3941
AntonioMS1968,224,177,1207
olissole,167,118,1070
aoveAgura,381,343,245
ruelolita,2316,861,23828
THETOWERMARKET,643,234,360
asajajaen,3552,810,958
agrofogones,2968,4697,12239
SolanoLuisa,2509,3316,20279
SpainInRussia,1395,775,18628
aceiteraabuela,56,69,139
Taverna_11,63,313,540
tellusmagna,423,657,292
aoveheredad,127,334,41
mavitrapos,5562,1123,29496
Badisamor,2119,3007,41141
Criscrash1,4670,2783,27666
S_Molina_,530,601,810
LydiaECorral,746,900,5564
Nacho_Sandoval,6456,3397,23149
DomingoJRuiz,116,134,273
gines_mena,2484,2149,5589
OleoturismoAnd,675,1001,924
evmum,747,406,7276
escologico,1741,2997,40993
PabloGonzalez08,494,588,162
vilar_hernandez,540,417,1312
alexxanderlin,4347,3813,24918
montseibars6,1547,349,148252
MCIAlbaceteUCLM,307,1178,168
elipsegourmet,47,139,61
ConAdeAceites,171,550,69
COLOQUIOSTV,9693,4503,58
lacocinadegibe,11531,1372,120
OliSolivellas,799,426,182
estelamelcon,1411,1748,12477
Trucossaludcase,2563,2086,3761
seralgalvez,1253,1996,30605
AceitesOlivaES,29700,1772,3024
CFerney03,113,165,153
AnchaCLM,1680,995,1043
AOVESourHot,1437,826,1769
jaenturismo,5652,131,1926
agromiron,1013,1524,343
el_tranco,404,630,984
retailactual,1907,1478,983
javiersf78,75,101,217
info_horeca,2464,1498,471
ferpemi,349,362,193
clubsolavieya,416,589,1828
VICENTEPELUQUER,888,540,5230
juanda_arguera,73,526,3181
esecarballo,229,106,4311
Directo_Olivar,1530,482,719
_prysma,261,215,311
ElBuenComerACE,231,2344,1356
IsabeldelaVill2,47,49,257
fernandodelaca2,169,425,731
LaAguja_es,2096,1925,1257
josegcparty,11558,10664,11657
ENAC_acredita,1704,482,942
apuntesdemoda,419,127,2323
AldonzaGourmet,386,699,125
carlospiza,1825,999,129
JOATOES,480,1172,210
GUADIANA_Wines,1356,1702,350
VINA_XETAR,1040,1268,202
ortizfonso,1328,1891,1881
mudanzas_portes,1894,3536,12832
PackCompany,115,544,18
TomikoSpain,1493,928,41
enripenalver,2446,47,100365
DegustaJaen,3971,1107,2338
Mallorca_Mola,2434,859,2707
KikeDeGea,535,1321,1197
OlideMallorca,1046,629,947
AntojeriaTapas,625,812,324
Bici_Solidaria,3927,4447,92157
recetasdecarol,7714,7613,11597
Mesadedos,4116,1005,6446
soledadcoope,801,716,5677
Natural_Uve,0,21,3
saberculinario,6585,1732,5450
oceanashop,1373,1244,10360
orodecanava,2690,765,463
jherreraarenas,391,432,1678
LaHoja_LaFueya,1525,1173,2352
Grafimediaweb,3164,2764,2677
sitioparapostre,18635,7320,12809
MadridEngancha,1912,1215,3546
Saboreandolavid,4400,1989,12470
LesFartures,4124,4748,8892
weetabix_es,1936,178,3548
QvExtra,852,374,255
irismusearts,853,398,14235
mister_closet,1495,565,23756
CeremecoSalud,327,824,818
Aceite100Canos,887,699,70
VallaVir,2230,1362,5709
joselop44,6131,4762,25605
AndPCz,1070,904,10310
ElCaballoGoloso,3316,2776,17964
Pozuelo2015Mary,1586,1624,12412
AnaPatricia_GC,2517,2280,9888
bottleandcan,12797,12243,45114
Virgini31410456,239,2070,914
Ariencilla,3866,1829,33284
chris_aparicio_,6106,2241,9902
palomamobaile,2950,1627,10501
Maricar63859553,16,186,223
AnUnusualStyle,815,233,8884
Ana_I_Sanchez,1311,553,243
jugoviral,1005,1073,6109
Andreadiezp,1217,922,13363
ulparapensar,1671,1409,13450
Maria_Rocio_L,6550,5695,59567
GourmetCulture,1510,1974,163
buscobanco,517,490,9131
WhynotShopper,554,319,8253
LupoterraAove,41,54,100
saboreamalaga,1041,734,10644
fciasufornells,566,1125,3688
CzarinaGalan,83,218,1599
AsajaMalaga,428,214,47
soniajuradops,1750,965,22789
Analupao,293,184,5472
REPORTINQUIETO,4941,4231,1416
RafaelMuela,508,124,61
SergioDenia,1262,1214,2512
claudiabola,1522,2517,1586
PersonalizaloDD,812,1878,22557
Tamiz_revista,634,159,81
CIFEM_mx,608,1372,45
PalomaTrends,5114,2608,34270
PlanetBoadilla,157,187,440
ElPlanetaDeA1,1117,1643,4895
LifeLoversBcn,7252,3018,51347
StrategiaOnline,15408,3028,338
illerenadefrut1,60,74,2578
cmartecreativo,1726,1431,18779
molinojabonero,137,129,55
franciscowjg,5094,5024,311
romy_canadas,5046,2640,27897
mivestidoazul_,7076,1772,54960
Remealsurdelsur,3869,2666,1877
Mohammadrawat_9,28,49,7
DulceMenta213,4126,2360,3179
SusanaOlympia,1397,1420,18827
lamodaevita,1158,916,3158
agrodhuelva,1180,502,106
BeatrizFernnd,4647,2251,49003
Stardivarius_,2726,1085,37358
D43NeRYs,15,11,0
JoseMeleroAmate,646,611,265
diarioas,2245670,1043,10079
tiny_robin,471,705,3344
Ninja2p0,4079,2269,13849
lperezabad,950,1149,1465
Antoniad2014D,4,56,45
sumillerasesor,534,927,1396
CasaLhardy,1890,457,2629
buenavida_mas,1164,71,110
PilukaEsteban,149,158,955
ConchiSamper3,255,180,3185
flashmodainout,1281,728,14370
palibeblog,631,244,8215
Magda271murcia,1893,1333,16860
mai_maikshine,1752,980,28768
byjuliaserrano,8072,5149,31151
B2Btwins,170,513,234
Formacionyenol,913,1396,130
Forma_Docente,14,7,32
almazaraespadan,144,389,20
BaenaUniversal,155,94,354
OrganicookBio,143,723,36
Vivencia_dehesa,308,487,1557
tastegallerymad,857,921,58
antiqueubeda,434,362,25
juferza,384,319,2134
sebafoto,426,858,432
catalinaborras,525,521,194
AgronegociosMxx,42,110,1
CULTURA_ACEITE,972,1904,6422
lasolana2,1574,1343,405
SecSabina,104,254,65
conredsyaloloco,428,1279,174
wizzytye1807,115,232,823
TheFoodTeamES,141,884,9
jluismateo10,4372,4297,2924
RaquelCantos,847,673,5016
custolopez,227,304,2168
Marisakabe1500,17,136,45
MilaMChef3,2685,588,11280
Olivadelsur,4831,4713,1149
TierrasdeCanena,801,720,422
xelu_burgos,101,168,488
elmonastrell,2388,584,1503
mariazafran,3315,783,3662
agagoaira,35,60,471
DespensaDeLolin,427,420,0
fortalezas_,720,657,207
cubdegloria,1042,255,31
UniondeUniones,1705,672,643
neuronaex,760,517,502
teresa_sin,1438,2303,35432
POPULOBAEZA,1050,444,561
CKLcomunica,2454,1936,4194
CoopsAgroAND,1201,365,313
Alicun_rest,78,270,21
valduezaestate,107,102,14
Antojo_cocina,2471,1268,1492
ARTUROGOMEZ13,250,239,394
CasaPrimicia,2469,1357,817
olgalasher,114,315,20
BellotaSalamanc,5,1,0
RN_revista,3074,1467,978
JUSTICIAXDAIANA,156,156,91
marlunav,1206,710,218
Oleoturismia,2580,822,228
escueladeaceite,2826,1090,103
qcom_es,3170,1201,830
RajusIndianCity,1106,474,356
AlimentosdeExtr,68,143,30
DondeMarian,216,454,9
Rh_RealEstate,1590,4939,3270
JHONERIVERA,53,171,84
ferrusoeste,905,1809,3749
paulagarcia3,53988,1857,13009
JugoSocial,8214,3866,12244
thewayral,831,670,7294
PalaciodeUbeda,233,164,95
_tuangel_,2140,1034,9657
VallaTweets,3125,1964,11093
cholloslowcost,896,1085,10584
vaderedes,602,393,10845
Pedhervas,1130,593,1871
fanclubdeivitdj,3626,4997,5907
Romygamy1,915,4979,13836
kalikatas,447,448,1820
barlasteresas,158,243,7
SEVconLengua,272,549,461
PERREO_BABY,2170,3005,1753
Alojam_Delgado,173,420,10
Basilippo,1276,741,717
machouruguayo22,13279,13612,7814
DEIVITDEEJAY,70323,60432,18790
JrRendo,1206,1354,10162
MJMesaOlea,2022,231,672
veganavarra,11,41,57
isaresina,607,306,3656
avavimallorca,12,17,44
LeonorGPajaron,78,157,373
tariklatorre,209,655,264
muozjuvenal,5,74,31
GRUPOVAGUADA,1691,848,13432
elmotivodeanto,84,711,316
enominer,339,285,450
pcsr5,141,368,23
abs_sumilleres,166,168,281
LydiaEpunto,804,717,1110
ab_borrell,285,550,25
somurmejo,94,132,4182
pagodeespejo,130,363,99
Javiermartin1e,316,344,4260
enmivestidor,8471,1555,25771
DjTrujilloLS1,55,150,356
BMesaOlea,62,169,822
AceiteDOBaena,976,226,237
FranKikePineiro,2974,2418,5173
CocinaDelNegro,200,1427,101
amber_suit,1973,652,27211
Esenciandalusi,193,334,56
angmape,98,289,286
pepermed,164,291,3311
DoctorEnPeru,71,81,0
laALACENARoja,5462,2648,14287
saltandoladieta,1208,1345,899
MJ_SaludBelleza,738,776,5741
cincuentayque,3160,1117,62149
jtorresantolin,249,349,428
IUCastrodelRio,291,578,551
JaRodado,984,1419,7118
PepeluArteSacro,12420,7236,129601
noederecetas,1669,132,11632
AliciaHita,2180,1861,35354
HoraAmigas,1267,101,1721
CocodriloAstro2,93,189,1162
GLOBEXSAN_ES,199,211,1127
DonFoodie,204,241,392
JCilpiccione,244,242,66
NocheenBlancoGR,1481,267,256
OleumXauen,2008,950,34
cristina_geland,2,4,10
JorgeGdeOpazo,2204,656,8553
sararomeroe,2058,928,2104
aragonentumesa,4244,1839,1017
GaliciaGastro,3099,1905,7115
AlmazaraVirtud,4,49,3
sbarriosantelo,45,97,19
AlbertoCapsi,31,121,799
coacmalaga,12853,11943,30
jgjc480,15,39,161
Oleomile,146,47,350
patatasacasavel,184,281,86
alexcas1414,34,144,541
JRFernandez1974,37,215,1394
CanalAgroRural,2994,1284,2009
lavv75,158,160,9349
eraseungourmet,42,81,23
Movistar_Team,498357,148,4644
_jaimeolive,880,802,123
chocolatesvalor,37686,992,11215
sgalanrubio,137,164,2956
Olisolivacom,900,316,7
SalondeGourmets,13413,2564,5279
CatadeOro_,21,68,21
aceitedmipueblo,488,606,156
Joan_Ru_Ca,907,420,5805
kospdegata,179,490,402
VillenMontero,106,131,18
condedemirasol,37,0,49
nuriaespana1,1120,1333,375
sicasbe,1272,2019,1879
cultumaniac,232,449,637
GothusOliveOil,1027,5001,126
RafaTaroke,51,94,249
J_Heich,5040,2027,1526
BotiquinMagico,313,279,547
Noti_ambiental,585,1800,18
LuisBuenoLopez,329,450,121
RafaelJordan63,564,784,5157
PlenoProvincial,79,165,1
NOVAREDalicante,270,235,144
101_recetas,670,1342,1136
Ragachica,1258,1475,26875
suarezgallego,668,444,209
OscarSantceloni,5213,322,100
AlexanderCoctel,664,1331,2547
CoopsAgroSEV,101,115,12
teextremadura,1047,744,2319
saborpeninsular,373,380,423
AlmuGonzalez7,337,294,270
isidrocarbonero,190,333,31
fmmanolo,3172,3148,1650
AOVE_Malaga,55,183,11
Oleoalmanzora,1363,1196,1216
JotaCincoMadrid,506,1010,1585
aceiteartillo,276,661,68
JuliaAlonso,1697,1292,2752
Info_Almendro,446,213,572
Heliocatmo,229,211,223
jamonalcortenet,51,38,2
FincaLaOliveta,114,82,60
huerta_digital,3199,978,4730
asr1960,1250,741,18156
juanluisrecio,2259,992,2550
CasadeAdri,272,1063,31368
antocanena,39,44,136
JosGonz77036583,558,2035,476
himen_aa,377,481,3043
MARCANDALUCIA,7184,6621,19164
fabianmvazquez,1119,1131,1217
AytoMengibar,1416,828,123
AOVEMarket,219,392,12
IbericosCOVAP,1816,758,1469
jumorpa,63,77,36
AntonioGutieri,791,1430,3504
AceitunaArahal,107,223,29
FairChanges,1589,1023,1529
an_jaesc,336,1599,10961
txemaaguado,1757,1375,3520
yendoporlavida,630,545,1723
MagnasurAOVE,345,207,108
Horajaen,9662,1031,10138
panepanna,3659,665,1028
fvhesterford,57,213,2016
IPV_Oficial,29,67,0
Carminaenlacoci,4799,2482,25170
gi_sil5536,297,375,7616
Belencilla_blog,251,137,1621
unagimagazine,1068,390,1994
blancacorts,109,56,82
itziar_inza,2853,1164,266
IbizaNET,6203,1808,353
Juanluuu,468,770,131
JesusTrelis,4601,1042,19009
legadoespanol,43,84,5
ivandiezoliver,938,2640,1938
etnogarum,24,218,2
olivareromod,251,551,1026
aldara_rey,1280,543,27910
ImperioGarlic,856,1476,546
AtrapaEditorial,4010,2528,4750
Losabesrest,1337,964,31509
Carnes_Carsegal,40,101,10
XY_Aceite_Oliva,48,113,36
AlvaroGimena,380,380,142
GourmetAbulense,1038,263,1888
SuKimik,403,650,438
peperme,696,2006,4728
OLIPAZ2014,19,25,89
Tabernagourmet,2359,578,919
juancast78,37,85,522
DestinoJaen,879,15,274
mtorrup,576,1236,641
TheSpanishFood,38719,3239,2462
Ma_EsCu,376,883,914
VivaStayfree,893,5002,11020
pacospain5,221,339,291
tarachicharro,879,1950,580
andreu_riera,88,228,33
susurrameunbeso,3183,4130,133
elenatobar,1235,303,863
ATUKGin,2690,3265,9457
panvital3,157,449,78
quinitoderonda,83,306,824
LuisMGallego,2448,2260,14663
Ana_Irurita,114,143,388
Alfonso_S_A,136,204,1888
saranunez78,237,213,23
dondeestavale91,69,296,37
EzequielRS1974,998,1123,620
lacontradejaen,1097,89,56
marimourens,207,506,525
LauraMartinSola,728,1261,428
AMIGASTRONOMIKS,3430,1860,3488
alixmaravillas,4949,5259,3337
BorregParras,91,267,90
SilvFranconetti,726,1143,503
